Workbook

Sheet Introduction
A1: Welcome to PollBase, my database of voting intention opinion polls since 1943, the largest such public dataset. The leader and government ratings go back to 1938 but has more gaps in them than the voting intention records.
A3: It is updated each quarter, adding in both a further three months of data and also usually including other data additions or corrections for earlier decades.
A5: Many people have helped over the years with this data answering all sorts of questions from me. Particular thanks for providing an exceptionally large number of answers go to Will Jennings, Roger Mortimore, Anthony Wells and the staff of Swiss Cottage public library.
A7: You are very welcome to use this data. I only ask two things in return - that if you spot any errors or omissions you let me know and that you credit the source of the data (including, if you make use of it online, a link back to https://www.markpack.org.uk/opinion-polls/). Thank you.
A9: Mark Pack
A10: Mark.Pack@LibDemNewswire.com / www.TheWeekinPolls.co.uk
A12: Geography
A13: Note: unless otherwise noted, the polls listed here were conducted across Great Britain rather than the UK (ie excluding Northern Ireland). The general election vote shares are therefore also given on a GB rather than UK basis.
A15: Survation is the pollster that has most varied between GB and UK polls and so its polls are noted as being GB or UK as applicable.
A16: Opinium voting intentions are for GB, but from around 2018 its other questions (leader ratings, etc.) are UK.
A18: Seat projections
A19: These are included for MRP (and similar) models where they are based on specific polling for that model. MRPs based on polls of polls and similar reuse of other polling are not included.
A21: The seat projection numbers (included for the 2015-17 Parliament and more recent ones) are at the right hand side; you may have to scroll some way to get to them.

Sheet Abbreviations
A1: Abbreviations used for publishers of polls | D1: Abbreviations etc. used for pollsters
A3: BBC | B3: BBC | D3: Gallup | E3: Also known in its early days as BIPO/British Institute of Public Opinion
A4: BEM | B4: Birmingham Evening Mail | D4: GGF | E4: Good Growth Foundation Insights
A5: Ben Ansell | B5: Professor Ben Ansell (newsletter) | D5: R+W | E5: Redfield & Wilton Stratergies
A6: BfB | B6: Best for Britain (pressure group/think tank)
A7: Bloom | B7: Bloomberg
A8: Br Elect | B8: Britain Elects (polling website)
A9: Brexit Exp | B9: Brexit Express (pressure group)
A10: BT | B10: Byline Times
A11: C4 | B11: Channel 4
A12: CCC | B12: ?
A13: Capibus | B13: Capibus
A14: Capital | B14: Capital Radio
A15: Compass | B15: Compass (left wing pressure group)
A16: Con | B16: Conservative Party
A17: Const Com | B17: Constitutional Commission
... A126: Yorks TV | B126: Yorkshire TV
A127: 18 | B127: ?
A128: 38 Degrees | B128: 38 Degrees (pressure group/think tank)

Sheet 38-45
A1: Year | B1: Month | C1: Fieldwork | E1: Published | F1: Polling | G1: Publisher | H1: Con | J1: Lab | L1: LD | N1: Con lead | Q1: Leader: | R1: Con good | S1: Con bad | T1: Con net | U1: Lab good | V1: Lab bad | W1: Lab net | X1: LD good | Y1: LD bad | Z1: LD net | AA1: Question
A2: 1938 | B2: Oct | F2: Gallup | R2: =0.57*90 -> 51.3 | S2: =0.43*90 -> 38.7 | T2: =R2-S2 -> 12.6 | AA2: Are you satistified with X as Y?
B3: Nov | F3: Gallup | R3: =0.55*89 -> 48.95 | S3: =0.45*89 -> 40.05 | T3: =R3-S3 -> 8.9 | AA3: Are you satistified with X as Y?
B4: Dec | F4: Gallup | R4: =0.56*91 -> 50.96 | S4: =0.44*91 -> 40.04 | T4: =R4-S4 -> 10.92 | AA4: Are you satistified with X as Y?
A5: 1939 | B5: Jan | F5: Gallup | R5: =0.57*94 -> 53.58 | S5: =0.43*94 -> 40.42 | T5: =R5-S5 -> 13.16 | AA5: Are you satistified with X as Y?
B6: Feb | F6: Gallup | H6: 53.2 | J6: 46.8 | N6: =H6-J6 -> 6.4 | R6: =0.57*85 -> 48.45 | S6: =0.43*85 -> 36.55 | T6: =R6-S6 -> 11.9 | AA6: Are you satistified with X as Y?
B7: Mar | F7: Gallup | R7: =58*0.9 -> 52.2 | S7: =42*0.9 -> 37.8 | T7: =R7-S7 -> 14.4 | AA7: Are you satistified with X as Y?
B8: Apr | F8: Gallup | R8: =0.59*93 -> 54.87 | S8: =0.41*93 -> 38.13 | T8: =R8-S8 -> 16.74 | AA8: Are you satistified with X as Y?
B9: May | F9: Gallup | R9: =0.55*96 -> 52.8 | S9: =0.45*96 -> 43.2 | T9: =R9-S9 -> 9.6 | AA9: Are you satistified with X as Y?
B10: Jun | F10: Gallup | R10: =0.55*95 -> 52.25 | S10: =0.45*95 -> 42.75 | T10: =R10-S10 -> 9.5 | AA10: Are you satistified with X as Y?
B11: Jul | F11: Gallup | R11: =0.59*93 -> 54.87 | S11: =0.41*93 -> 38.13 | T11: =R11-S11 -> 16.74 | AA11: Are you satistified with X as Y?
B12: Oct | F12: Gallup | R12: 65 | S12: 29 | T12: =R12-S12 -> 36 | AA12: Are you satistified with X as Y?
B13: Nov | F13: Gallup | R13: 68 | S13: 27 | T13: =R13-S13 -> 41 | AA13: Are you satistified with X as Y?
B14: Dec | F14: Gallup | H14: 64.3 | J14: 35.7 | N14: =H14-J14 -> 28.6 | R14: 64 | S14: 30 | T14: =R14-S14 -> 34 | AA14: In general, do you approve or disapprove of X as Y?
A15: 1940 | B15: Jan | F15: Gallup | R15: 56 | S15: 32 | T15: =R15-S15 -> 24 | AA15: In general, do you approve or disapprove of X as Y?
B16: Feb | F16: Gallup | H16: 65.4 | J16: 34.6 | N16: =H16-J16 -> 30.8 | R16: 59 | S16: 30 | T16: =R16-S16 -> 29 | AA16: In general, do you approve or disapprove of X as Y?
B17: Mar | F17: Gallup | R17: 57 | S17: 36 | T17: =R17-S17 -> 21 | AA17: In general, do you approve or disapprove of X as Y?
B18: May | F18: Gallup | R18: 33 | S18: 60 | T18: =R18-S18 -> -27 | AA18: In general, do you approve or disapprove of X as Y?
B19: Jul | F19: Gallup | R19: 88 | S19: 7 | T19: =R19-S19 -> 81 | AA19: In general, do you approve or disapprove of X as Y?
B20: Oct | F20: Gallup | R20: 89 | S20: 6 | T20: =R20-S20 -> 83 | AA20: In general, do you approve or disapprove of X as Y?
B21: Nov | F21: Gallup | R21: 88 | S21: 7 | T21: =R21-S21 -> 81 | AA21: In general, do you approve or disapprove of X as Y?
A22: 1941 | B22: Jan | F22: Gallup | R22: 85 | S22: 7 | T22: =R22-S22 -> 78 | AA22: In general, do you approve or disapprove of X as Y?
B23: Mar | F23: Gallup | R23: 88 | S23: 7 | T23: =R23-S23 -> 81 | AA23: In general, do you approve or disapprove of X as Y?
B24: Jun | F24: Gallup | R24: 87 | S24: 9 | T24: =R24-S24 -> 78 | AA24: In general, do you approve or disapprove of X as Y?
B25: Oct | F25: Gallup | R25: 84 | S25: 11 | T25: =R25-S25 -> 73 | AA25: In general, do you approve or disapprove of X as Y?
B26: Dec | F26: Gallup | R26: 88 | S26: 8 | T26: =R26-S26 -> 80 | AA26: In general, do you approve or disapprove of X as Y?
A27: 1942 | B27: Jan | F27: Gallup | R27: 89 | S27: 7 | T27: =R27-S27 -> 82 | AA27: In general, do you approve or disapprove of X as Y?
B28: Feb | F28: Gallup | R28: 82 | S28: 11 | T28: =R28-S28 -> 71 | AA28: In general, do you approve or disapprove of X as Y?
B29: Mar | F29: Gallup | R29: 81 | S29: 13 | T29: =R29-S29 -> 68 | AA29: In general, do you approve or disapprove of X as Y?
B30: Apr | F30: Gallup | R30: 82 | S30: 13 | T30: =R30-S30 -> 69 | AA30: In general, do you approve or disapprove of X as Y?
B31: May | F31: Gallup | R31: 87 | S31: 8 | T31: =R31-S31 -> 79 | AA31: In general, do you approve or disapprove of X as Y?
B32: Jun | F32: Gallup | R32: 86 | S32: 9 | T32: =R32-S32 -> 77 | AA32: In general, do you approve or disapprove of X as Y?
B33: Jul | F33: Gallup | R33: 78 | S33: 15 | T33: =R33-S33 -> 63 | AA33: In general, do you approve or disapprove of X as Y?
B34: Aug | F34: Gallup | R34: 82 | S34: 11 | T34: =R34-S34 -> 71 | AA34: In general, do you approve or disapprove of X as Y?
B35: Sep | F35: Gallup | R35: 82 | S35: 10 | T35: =R35-S35 -> 72 | AA35: In general, do you approve or disapprove of X as Y?
B36: Oct | F36: Gallup | R36: 83 | S36: 11 | T36: =R36-S36 -> 72 | AA36: In general, do you approve or disapprove of X as Y?
B37: Nov | F37: Gallup | R37: 91 | S37: 7 | T37: =R37-S37 -> 84 | AA37: In general, do you approve or disapprove of X as Y?
B38: Dec | F38: Gallup | R38: 93 | S38: 5 | T38: =R38-S38 -> 88 | AA38: In general, do you approve or disapprove of X as Y?
A39: 1943 | B39: Jan | F39: Gallup | R39: 91 | S39: 7 | T39: =R39-S39 -> 84 | AA39: In general, do you approve or disapprove of X as Y?
B40: Apr | F40: Gallup | R40: 90 | S40: 7 | T40: =R40-S40 -> 83 | AA40: In general, do you approve or disapprove of X as Y?
B41: Jun | F41: Gallup | G41: News Chron | H41: 36 | J41: 44 | L41: 10.5 | N41: -8 | R41: 93 | S41: 4 | T41: =R41-S41 -> 89 | AA41: In general, do you approve or disapprove of X as Y?
B42: Jul | F42: Gallup | G42: News Chron | H42: 33 | I42: -3 | J42: 47.5 | K42: 3.5 | L42: 11 | M42: 0.5 | N42: -14.5 | O42: -6.5
B43: Aug | F43: Gallup | R43: 93 | S43: 5 | T43: =R43-S43 -> 88 | AA43: In general, do you approve or disapprove of X as Y?
B44: Nov | F44: Gallup | R44: 91 | S44: 6 | T44: =R44-S44 -> 85 | AA44: In general, do you approve or disapprove of X as Y?
B45: Dec | F45: Gallup | G45: News Chron | H45: 31.5 | I45: -1.5 | J45: 46.5 | K45: -1 | L45: 11.5 | M45: 0.5 | N45: -15 | O45: -0.5
A46: 1944 | B46: Jan | F46: Gallup | G46: News Chron | H46: 28 | I46: -3.5 | J46: 45 | K46: -1.5 | L46: 12 | M46: 0.5 | N46: -17 | O46: -2 | R46: 89 | S46: 7 | T46: =R46-S46 -> 82 | AA46: In general, do you approve or disapprove of X as Y?
B47: Mar | F47: Gallup | R47: 86 | S47: 10 | T47: =R47-S47 -> 76 | AA47: In general, do you approve or disapprove of X as Y?
B48: Apr | F48: Gallup | R48: 88 | S48: 9 | T48: =R48-S48 -> 79 | AA48: In general, do you approve or disapprove of X as Y?
B49: Jun | F49: Gallup | R49: 91 | S49: 7 | T49: =R49-S49 -> 84 | AA49: In general, do you approve or disapprove of X as Y?
B50: Aug | F50: Gallup | R50: 89 | S50: 8 | T50: =R50-S50 -> 81 | AA50: In general, do you approve or disapprove of X as Y?
B51: Oct | F51: Gallup | R51: 91 | S51: 7 | T51: =R51-S51 -> 84 | AA51: In general, do you approve or disapprove of X as Y?
A52: 1945 | B52: Jan | F52: Gallup | R52: 81 | S52: 16 | T52: =R52-S52 -> 65 | AA52: In general, do you approve or disapprove of X as Y?
B53: Feb | F53: Gallup | G53: News Chron | H53: 27.5 | I53: -0.5 | J53: 47.5 | K53: 2.5 | L53: 12.5 | M53: 0.5 | N53: -20 | O53: -3 | R53: 85 | S53: 11 | T53: =R53-S53 -> 74 | AA53: In general, do you approve or disapprove of X as Y?
B54: Mar | F54: Gallup | R54: 87 | S54: 10 | T54: =R54-S54 -> 77 | AA54: In general, do you approve or disapprove of X as Y?
B55: Apr | F55: Gallup | G55: News Chron | H55: 28 | I55: 0.5 | J55: 47 | K55: -0.5 | L55: 14 | M55: 1.5 | N55: -19 | O55: 1 | R55: 91 | S55: 7 | T55: =R55-S55 -> 84 | AA55: In general, do you approve or disapprove of X as Y?
B56: May | F56: Gallup | G56: News Chron | H56: 33 | I56: 5 | J56: 45 | K56: -2 | L56: 15 | M56: 1 | N56: -12 | O56: 7 | R56: 83 | S56: 14 | T56: =R56-S56 -> 69 | AA56: In general, do you approve or disapprove of X as Y?
B57: Jun | F57: Gallup | G57: News Chron | H57: 37 | I57: 4 | J57: 45 | K57: 0 | L57: 15 | M57: 0 | N57: -8 | O57: 4
B58: Jun | E58: 5 | F58: Centre of Public Opinion | G58: DE | H58: 45 | J58: 45 | L58: 12 | N58: 0
B59: Jun | C59: 24-27 | D59: 16612 | E59: 4 | F59: Gallup | G59: News Chron | H59: 41 | I59: 4 | J59: 47 | K59: 2 | L59: 10.5 | M59: -5 | N59: -6 | O59: 2
E61: 5 | F61: Result | H61: 39.3 | J61: 48.8 | L61: 9.2 | N61: =H61-J61 -> -9.5

Sheet 45-50
A1: Year | B1: Month | C1: Fieldwork | E1: Published | F1: Polling | G1: Publisher | H1: Con | J1: Lab | L1: LD | N1: Con lead | Q1: Leader: | R1: Con good | S1: Con bad | T1: Con net | U1: Lab good | V1: Lab bad | W1: Lab net | X1: LD good | Y1: LD bad | Z1: LD net | AA1: Question | AB1: Con Best PM | AC1: Lab Best PM | AD1: LD Best PM | AE1: Question | AF1: Govt good | AG1: Govt bad | AH1: Govt net | AI1: Question
A2: 1945 | B2: Aug | F2: Gallup | U2: 66 | V2: 19 | W2: =U2-V2 -> 47 | AE2: Are you satisfied or dissatisfied with X as Y?
B3: Nov | F3: Gallup | AF3: 57 | AG3: 16 | AH3: =AF3-AG3 -> 41 | AI3: At the present time is the government doing its job well or badly?
A4: 1946 | B4: Jan | F4: Gallup | G4: News Chron | H4: 32 | J4: 52.5 | L4: 11 | N4: -20.5
B5: May | F5: Gallup | G5: News Chron | H5: 40 | I5: 8 | J5: 43.5 | K5: -9 | L5: 13 | M5: 2 | N5: -3.5 | O5: 17
B6: Jun | F6: Gallup | AF6: 42 | AG6: 45 | AH6: =AF6-AG6 -> -3 | AI6: In general, do you approve or disapprove of the government's record to date?
B7: Aug | F7: Gallup | AF7: 46 | AG7: 41 | AH7: =AF7-AG7 -> 5 | AI7: Are you satisfied or dissatisfied with the Government's record to date?
B8: Oct | F8: Gallup | U8: 53 | V8: 35 | W8: =U8-V8 -> 18 | AE8: Are you satisfied or dissatisfied with X as Y?
B9: Dec | F9: Gallup | U9: 52 | V9: 30 | W9: =U9-V9 -> 22 | AE9: Are you satisfied or dissatisfied with X as Y?
A10: 1947 | B10: Jan | F10: Gallup | G10: News Chron | H10: 41 | I10: 1 | J10: 44.5 | K10: 1 | L10: 12 | M10: -1 | N10: -3.5 | O10: 0
B11: Mar | F11: Gallup | G11: News Chron | H11: 43.5 | I11: 2.5 | J11: 43.5 | K11: -1 | L11: 10.5 | M11: -1.5 | N11: 0 | O11: 3.5 | U11: 46 | V11: 45 | W11: =U11-V11 -> 1 | AE11: Are you satisfied or dissatisfied with X as Y? | AF11: 39 | AG11: 54 | AH11: =AF11-AG11 -> -15 | AI11: Are you satisfied or dissatisfied with the Government's record to date?
B12: May | F12: Gallup | U12: 51 | V12: 36 | W12: =U12-V12 -> 15 | AE12: On the whole, do you approve or disapprove of X as Y? | AF12: 42 | AG12: 48 | AH12: =AF12-AG12 -> -6 | AI12: On the whole, are you satisfied or dissatisfied with the Government's record to date?
B13: Jun | F13: Gallup | G13: News Chron | H13: 42.5 | I13: -1 | J13: 42.5 | K13: -1 | L13: 12.5 | M13: 2 | N13: 0 | O13: 0
B14: Jul | F14: Gallup | G14: News Chron | H14: 42.5 | I14: 0 | J14: 42.5 | K14: 0 | L14: 12.5 | M14: 0 | N14: 0 | O14: 0 | U14: 51 | V14: 37 | W14: =U14-V14 -> 14 | AE14: On the whole, do you approve or disapprove of X as Y? | AF14: 38 | AG14: 52 | AH14: =AF14-AG14 -> -14 | AI14: On the whole, are you satisfied or dissatisfied with the Government's record to date?
B15: Aug | F15: Gallup | G15: News Chron | H15: 44.5 | I15: 2 | J15: 41 | K15: -1.5 | L15: 11 | M15: -1.5 | N15: 3.5 | O15: 3.5
B16: Sep | F16: Gallup | G16: News Chron | H16: 44.5 | I16: 0 | J16: 39.5 | K16: -1.5 | L16: 11.5 | M16: 0.5 | N16: 5 | O16: 1.5
B17: Oct | F17: Gallup | U17: 41 | V17: 46 | W17: =U17-V17 -> -5 | AE17: On the whole, do you approve or disapprove of X as Y?
B18: Nov | F18: Gallup | G18: News Chron | H18: 50.5 | I18: 6 | J18: 38 | K18: -1.5 | L18: 9 | M18: -2.5 | N18: 12.5 | O18: 7.5
B19: Dec | F19: Gallup | U19: 44 | V19: 46 | W19: =U19-V19 -> -2 | AE19: On the whole, do you approve or disapprove of X as Y? | AF19: 41 | AG19: 49 | AH19: =AF19-AG19 -> -8 | AI19: On the whole, are you satisfied or dissatisfied with the Government's record to date?
A20: 1948 | B20: Jan | F20: Gallup | G20: News Chron | H20: 44.5 | I20: -6 | J20: 43.5 | K20: 5.5 | L20: 10.5 | M20: 1.5 | N20: 1 | O20: -11.5 | U20: 45 | V20: 43 | W20: =U20-V20 -> 2 | AE20: On the whole, do you approve or disapprove of X as Y? | AF20: 44 | AG20: 47 | AH20: =AF20-AG20 -> -3 | AI20: On the whole, are you satisfied or dissatisfied with the Government's record to date?
B21: Feb | F21: Gallup | G21: News Chron | H21: 46 | I21: 1.5 | J21: 42 | K21: -1.5 | L21: 8.5 | M21: -2 | N21: 4 | O21: 3
B22: Mar | F22: Gallup | G22: News Chron | H22: 46 | I22: 0 | J22: 43 | K22: 1 | L22: 8.5 | M22: 0 | N22: 3 | O22: -1 | U22: 39 | V22: 48 | W22: =U22-V22 -> -9 | AE22: On the whole, do you approve or disapprove of X as Y? | AF22: 35 | AG22: 53 | AH22: =AF22-AG22 -> -18 | AI22: On the whole, are you satisfied or dissatisfied with the Government's record to date?
B23: Apr | F23: Gallup | G23: News Chron | H23: 42.5 | I23: -3.5 | J23: 41 | K23: -2 | L23: 10.5 | M23: 2 | N23: 1.5 | O23: -1.5
B24: May | F24: Gallup | G24: News Chron | H24: 45 | I24: 2.5 | J24: 41.5 | K24: 0.5 | L24: 11 | M24: 0.5 | N24: 3.5 | O24: 2
B25: Jul | F25: Gallup | G25: News Chron | H25: 48 | I25: 3 | J25: 39.5 | K25: -2 | L25: 9 | M25: -2 | N25: 8.5 | O25: 5 | U25: 40 | V25: 49 | W25: =U25-V25 -> -9 | AE25: On the whole, do you approve or disapprove of X as Y? | AF25: 36 | AG25: 54 | AH25: =AF25-AG25 -> -18 | AI25: On the whole, are you satisfied or dissatisfied with the Government's record to date?
B26: Aug | F26: Gallup | G26: News Chron | H26: 48 | I26: 0 | J26: 41 | K26: 1.5 | L26: 8.5 | M26: -0.5 | N26: 7 | O26: -1.5
B27: Sep | F27: Gallup | G27: News Chron | H27: 47.5 | I27: -0.5 | J27: 41.5 | K27: 0.5 | L27: 10 | M27: 1.5 | N27: 6 | O27: -1 | U27: 37 | V27: 46 | W27: =U27-V27 -> -9 | AE27: On the whole, do you approve or disapprove of X as Y? | AF27: 37 | AG27: 51 | AH27: =AF27-AG27 -> -14 | AI27: On the whole, are you satisfied or dissatisfied with the Government's record to date?
B28: Oct | F28: Gallup | G28: News Chron | H28: 46.5 | I28: -1 | J28: 41.5 | K28: 0 | L28: 9.5 | M28: -0.5 | N28: 5 | O28: -1
B29: Nov | F29: Gallup | G29: News Chron | H29: 46 | I29: -0.5 | J29: 43 | K29: 1.5 | L29: 8.5 | M29: -1 | N29: 3 | O29: -2 | U29: 45 | V29: 40 | W29: =U29-V29 -> 5 | AE29: On the whole, do you approve or disapprove of X as Y? | AF29: 43 | AG29: 46 | AH29: =AF29-AG29 -> -3 | AI29: On the whole, are you satisfied or dissatisfied with the Government's record to date?
A30: 1949 | B30: Jan | F30: Gallup | G30: News Chron | H30: 44 | I30: -2 | J30: 40.5 | K30: -2.5 | L30: 13 | M30: 4.5 | N30: 3.5 | O30: 0.5 | U30: 45 | V30: 44 | W30: =U30-V30 -> 1 | AE30: On the whole, do you approve or disapprove of X as Y? | AF30: 44 | AG30: 47 | AH30: =AF30-AG30 -> -3 | AI30: On the whole, are you satisfied or dissatisfied with the Government's record to date?
B31: Feb | F31: Gallup | G31: News Chron | H31: 44.5 | I31: 0.5 | J31: 43.5 | K31: 3 | L31: 9.5 | M31: -3.5 | N31: 1 | O31: -2.5
B32: Mar | F32: Gallup | G32: News Chron | H32: 41.5 | I32: -3 | J32: 43 | K32: -0.5 | L32: 13 | M32: 3.5 | N32: -1.5 | O32: -2.5 | U32: 47 | V32: 38 | W32: =U32-V32 -> 9 | AE32: On the whole, do you approve or disapprove of X as Y? | AF32: 46 | AG32: 43 | AH32: =AF32-AG32 -> 3 | AI32: On the whole, are you satisfied or dissatisfied with the Government's record to date?
B33: Apr | F33: Gallup | G33: News Chron | H33: 42 | I33: 0.5 | J33: 43.5 | K33: 0.5 | L33: 13 | M33: 0 | N33: -1.5 | O33: 0
B34: May | F34: Gallup | G34: News Chron | H34: 46 | I34: 4 | J34: 40 | K34: -3.5 | L34: 11 | M34: -2 | N34: 6 | O34: 7.5 | U34: 44 | V34: 42 | W34: =U34-V34 -> 2 | AE34: On the whole, do you approve or disapprove of X as Y? | AF34: 37 | AG34: 53 | AH34: =AF34-AG34 -> -16 | AI34: On the whole, are you satisfied or dissatisfied with the Government's record to date?
B35: Jun | F35: Gallup | G35: News Chron | H35: 46 | I35: 0 | J35: 41.5 | K35: 1.5 | L35: 10 | M35: -1 | N35: 4.5 | O35: -1.5
B36: Jul | F36: Gallup | G36: News Chron | H36: 44.5 | I36: -1.5 | J36: 40.5 | K36: -1 | L36: 12.5 | M36: 2.5 | N36: 4 | O36: -0.5 | U36: 46 | V36: 42 | W36: =U36-V36 -> 4 | AE36: On the whole, do you approve or disapprove of X as Y? | AF36: 39 | AG36: 48 | AH36: =AF36-AG36 -> -9 | AI36: On the whole, are you satisfied or dissatisfied with the Government's record to date?
B37: Aug | F37: Gallup | G37: News Chron | H37: 46.5 | I37: 2 | J37: 40.5 | K37: 0 | L37: 11.5 | M37: -1 | N37: 6 | O37: 2
B38: Sep | F38: Gallup | G38: News Chron | H38: 46 | I38: -0.5 | J38: 40 | K38: -0.5 | L38: 12 | M38: 0.5 | N38: 6 | O38: 0 | U38: 45 | V38: 43 | W38: =U38-V38 -> 2 | AE38: On the whole, do you approve or disapprove of X as Y? | AF38: 36 | AG38: 53 | AH38: =AF38-AG38 -> -17 | AI38: On the whole, are you satisfied or dissatisfied with the Government's record to date?
B39: Oct | F39: Gallup | G39: News Chron | H39: 45.5 | I39: -0.5 | J39: 39.5 | K39: -0.5 | L39: 12.5 | M39: 0.5 | N39: 6 | O39: 0
B40: Oct | H40: 50 | J40: 39 | L40: 8 | P40: From 1950 GE book
B41: Nov | F41: Gallup | G41: News Chron | H41: 43.5 | I41: -2 | J41: 40 | K41: 0.5 | L41: 14 | M41: 1.5 | N41: 3.5 | O41: -2.5
B42: Nov | F42: Gallup | G42: News Chron | H42: 48 | J42: 38 | L42: 11 | P42: From 1950 GE book
B43: Dec | F43: Gallup | G43: News Chron | H43: 45 | I43: 1.5 | J43: 41 | K43: 1 | L43: 12.5 | M43: -1.5 | N43: 4 | O43: 0.5 | U43: 43 | V43: 45 | W43: =U43-V43 -> -2 | AE43: On the whole, do you approve or disapprove of X as Y? | AF43: 39 | AG43: 51 | AH43: =AF43-AG43 -> -12 | AI43: On the whole, are you satisfied or dissatisfied with the Government's record to date?
A44: 1950 | B44: Jan | E44: 20 | F44: Gallup | G44: News Chron | H44: 44 | I44: -1 | J44: 41.5 | K44: 0.5 | L44: 12.5 | M44: 0 | N44: 2.5 | O44: -1.5 | U44: 44
B45: Jan | E45: 23 | G45: DE | H45: 48 | J45: 42 | L45: 9 | N45: 6
B46: Jan | E46: 30 | F46: Gallup | G46: News Chron | H46: 44 | I46: 0 | J46: 45.5 | K46: 4 | L46: 10 | M46: -2 | N46: -1.5 | O46: -4
B47: Jan | E47: 30 | G47: DE | H47: 47.5 | I47: -0.5 | J47: 42.5 | K47: 0.5 | L47: 8.5 | M47: -0.5 | N47: 5 | O47: -1
B48: Feb | E48: 6 | G48: DE | H48: 45 | I48: -2.5 | J48: 44 | K48: 1.5 | L48: 10 | M48: 1.5 | N48: 1 | O48: -4
B49: Feb | E49: 10 | F49: Gallup | G49: News Chron | H49: 43 | I49: -1 | J49: 44.5 | K49: -1 | L49: 12 | M49: 2 | N49: -1.5 | O49: -4
B50: Feb | E50: 13 | G50: DE | H50: 45 | I50: 0 | J50: 45 | K50: 1 | L50: 9.5 | M50: -0.5 | N50: 0 | O50: -1
B51: Feb | E51: 17 | F51: Gallup | G51: News Chron | H51: 42.5 | I51: -0.5 | J51: 45 | K51: 0.5 | L51: 12 | M51: 0 | N51: -2.5 | O51: -1
B52: Feb | E52: 20 | G52: DE | H52: 46 | I52: 1 | J52: 44.5 | K52: -0.5 | L52: 9 | M52: -0.5 | N52: 1.5 | O52: 1.5
B53: Feb | C53: 5-11 | D53: 18299 | E53: 15 | F53: Daily Mail | H53: 45.5 | J53: 42.5 | L53: 12 | N53: 3
B54: Feb | C54: 17-20 | D54: 18311 | E54: 22 | F54: Gallup | G54: News Chron | H54: 43.5 | I54: 1 | J54: 45 | K54: 0 | L54: 10.5 | M54: -1.5 | N54: =H54-J54 -> -1.5 | O54: 1
B55: Feb | C55: 17-21 | D55: 18311 | E55: 23 | G55: DE | H55: 44.5 | I55: -1.5 | J55: 44 | K55: -0.5 | L55: 11 | M55: 3 | N55: =H55-J55 -> 0.5 | O55: -1
E57: 23 | F57: Result | H57: 43 | J57: 46.8 | L57: 9.3 | N57: =H57-J57 -> -3.8

Sheet 50-51
A1: Year | B1: Month | C1: Fieldwork | E1: Published | F1: Polling | G1: Publisher | H1: Con | J1: Lab | L1: LD | N1: Con lead | Q1: Leader: | R1: Con good | S1: Con bad | T1: Con net | U1: Lab good | V1: Lab bad | W1: Lab net | X1: LD good | Y1: LD bad | Z1: LD net | AA1: Question | AC1: Govt good | AD1: Govt bad | AE1: Govt net | AF1: Question
A2: 1950 | B2: Mar | F2: Gallup | G2: News Chron | H2: 43.5 | J2: 45.5 | L2: 8.5 | N2: =H2-J2 -> -2
B3: Apr | F3: Gallup | G3: News Chron | H3: 45.5 | I3: 2 | J3: 47 | K3: 1.5 | L3: 7 | M3: -1.5 | N3: =H3-J3 -> -1.5 | O3: 0.5
B4: May | F4: Gallup | G4: News Chron | H4: 43.5 | I4: -2 | J4: 46.5 | K4: -0.5 | L4: 9.5 | M4: 2.5 | N4: =H4-J4 -> -3 | O4: -1.5 | U4: 50 | V4: 39 | W4: =U4-V4 -> 11 | AA4: On the whole, do you approve or disapprove of X as Y? | AC4: 41 | AD4: 49 | AE4: =AC4-AD4 -> -8 | AF4: On the whole, are you satisfied or dissatisfied with the Government's record to date?
B5: Jun | F5: Gallup | G5: News Chron | H5: 43.5 | I5: 0 | J5: 46 | K5: -0.5 | L5: 9 | M5: -0.5 | N5: =H5-J5 -> -2.5 | O5: 0.5
B6: Jul | F6: Gallup | G6: News Chron | H6: 42 | I6: -1.5 | J6: 43.5 | K6: -2.5 | L6: 11 | M6: 2 | N6: =H6-J6 -> -1.5 | O6: 1
B7: Aug | F7: Gallup | G7: News Chron | H7: 44.5 | I7: 2.5 | J7: 46 | K7: 2.5 | L7: 8.5 | M7: -2.5 | N7: =H7-J7 -> -1.5 | O7: 0 | U7: 49 | V7: 43 | W7: =U7-V7 -> 6 | AA7: On the whole, do you approve or disapprove of X as Y? | AC7: 44 | AD7: 46 | AE7: =AC7-AD7 -> -2 | AF7: On the whole, are you satisfied or dissatisfied with the Government's record to date?
B8: Sep | F8: Gallup | G8: News Chron | H8: 43 | I8: -1.5 | J8: 45.5 | K8: -0.5 | L8: 10 | M8: 1.5 | N8: =H8-J8 -> -2.5 | O8: -1
B9: Oct | F9: Gallup | G9: News Chron | H9: 42.5 | I9: -0.5 | J9: 45 | K9: -0.5 | L9: 10 | M9: 0 | N9: =H9-J9 -> -2.5 | O9: 0 | U9: 47 | V9: 40 | W9: =U9-V9 -> 7 | AA9: On the whole, do you approve or disapprove of X as Y? | AC9: 45 | AD9: 45 | AE9: =AC9-AD9 -> 0 | AF9: On the whole, are you satisfied or dissatisfied with the Government's record to date?
B10: Oct | G10: DE | H10: 45.5 | J10: 45.5 | L10: 8 | N10: =H10-J10 -> 0
B11: Nov | F11: Gallup | G11: News Chron | P11: Poll conducted but results lost by Gallup
B12: Nov | G12: DE | H12: 47 | I12: 1.5 | J12: 45 | K12: -0.5 | L12: 7.5 | M12: -0.5 | N12: =H12-J12 -> 2 | O12: 2
B13: Dec | F13: Gallup | G13: News Chron | H13: 43 | J13: 44 | L13: 11.5 | N13: =H13-J13 -> -1 | U13: 49 | V13: 38 | W13: =U13-V13 -> 11 | AA13: On the whole, do you approve or disapprove of X as Y? | AC13: 38 | AD13: 51 | AE13: =AC13-AD13 -> -13 | AF13: Are you satisfied or dissatisfied with the Government's record to date?
B14: Dec | G14: DE | H14: 47.5 | I14: 0.5 | J14: 44.5 | K14: -0.5 | L14: 7.5 | M14: 0 | N14: =H14-J14 -> 3 | O14: 1
A15: 1951 | B15: Jan | F15: Gallup | G15: News Chron | H15: 51 | I15: 8 | J15: 38 | K15: -6 | L15: 10 | M15: -1.5 | N15: =H15-J15 -> 13 | O15: 14
B16: Jan | G16: DE | H16: 48 | I16: 0.5 | J16: 44 | K16: -0.5 | L16: 7 | M16: -0.5 | N16: =H16-J16 -> 4 | O16: 1
B17: Feb | G17: DE | H17: 50.5 | I17: 2.5 | J17: 40.5 | K17: -3.5 | L17: 8 | M17: 1 | N17: =H17-J17 -> 10 | O17: 6
B18: Feb | F18: Gallup | G18: News Chron | H18: 51.5 | I18: =H18-H17 -> 1 | J18: 37.5 | K18: =J18-J17 -> -3 | L18: 9.5 | M18: =L18-L17 -> 1.5 | N18: =H18-J18 -> 14 | O18: =N18-N17 -> 4 | U18: 44 | V18: 47 | W18: =U18-V18 -> -3 | AA18: Do you approve or disapprove of X as Y? | AC18: 31 | AD18: 60 | AE18: =AC18-AD18 -> -29 | AF18: Are you satisfied with the Government's record to date?
B19: Feb | C19: 17-25 | D19: 18676 | G19: DE | H19: 52 | I19: =H19-H18 -> 0.5 | J19: 39.5 | K19: =J19-J18 -> 2 | L19: 7.5 | M19: =L19-L18 -> -2 | N19: =H19-J19 -> 12.5 | O19: =N19-N18 -> -1.5
B20: Mar | F20: Gallup | G20: News Chron | H20: 51 | I20: -0.5 | J20: 36.5 | K20: -1 | L20: 10.5 | M20: 1 | N20: =H20-J20 -> 14.5 | O20: 0.5
B21: Mar | C21: 3-10 | D21: 18690 | G21: DE | H21: 52 | I21: 0 | J21: 39 | K21: -0.5 | L21: 8 | M21: 0.5 | N21: =H21-J21 -> 13 | O21: 0.5
B22: Apr | F22: Gallup | G22: News Chron | H22: 50.5 | I22: -0.5 | J22: 38.5 | K22: 2 | L22: 9 | M22: -1.5 | N22: =H22-J22 -> 12 | O22: -2.5 | U22: 49 | V22: 40 | W22: =U22-V22 -> 9 | AA22: Do you approve or disapprove of X as Y? | AC22: 32 | AD22: 59 | AE22: =AC22-AD22 -> -27 | AF22: Are you satisfied or dissatisfied with the Government's record to date?
B23: May | F23: Gallup | G23: News Chron | H23: 49 | I23: -1.5 | J23: 40 | K23: 1.5 | L23: 9.5 | M23: 0.5 | N23: =H23-J23 -> 9 | O23: -3 | U23: 57 | V23: 35 | W23: =U23-V23 -> 22 | AA23: Do you approve or disapprove of X as Y? | AC23: 35 | AD23: 56 | AE23: =AC23-AD23 -> -21 | AF23: Are you satisfied or dissatisfied with the Government's record to date?
B24: Jun | F24: Gallup | G24: News Chron | H24: 48 | I24: -1 | J24: 41 | K24: 1 | L24: 10 | M24: 0.5 | N24: =H24-J24 -> 7 | O24: -2
B25: Jul | F25: Gallup | G25: News Chron | H25: 49 | I25: 1 | J25: 39 | K25: -2 | L25: 10.5 | M25: 0.5 | N25: =H25-J25 -> 10 | O25: 3 | U25: 43 | V25: 43 | W25: =U25-V25 -> 0 | AA25: Do you approve or disapprove of X as Y? | AC25: 31 | AD25: 56 | AE25: =AC25-AD25 -> -25 | AF25: Are you satisfied or dissatisfied with the Government's record to date?
B26: Aug | F26: Gallup | G26: News Chron | H26: 50.5 | I26: 1.5 | J26: 38 | K26: -1 | L26: 10.5 | M26: 0 | N26: =H26-J26 -> 12.5 | O26: 2.5
B27: Sep | C27: 26 | D27: 18897 | F27: Gallup | G27: News Chron | H27: 52 | I27: 1.5 | J27: 41 | K27: 3 | L27: 6.5 | M27: -4 | N27: =H27-J27 -> 11 | O27: -1.5 | U27: 44 | V27: 41 | W27: =U27-V27 -> 3 | AA27: Do you approve or disapprove of X as Y? | AC27: 35 | AD27: 54 | AE27: =AC27-AD27 -> -19 | AF27: Are you satisfied or dissatisfied with the Government's record to date?
B28: Oct | C28: 3 | D28: 18904 | F28: Gallup | G28: News Chron | H28: 50.5 | I28: -1.5 | J28: 43.5 | K28: 2.5 | L28: 5.5 | M28: -1 | N28: =H28-J28 -> 7 | O28: -4
B29: Oct | C29: 10 | D29: 18911 | F29: Gallup | G29: News Chron | H29: 50.5 | I29: 0 | J29: 44 | K29: 0.5 | L29: 4.5 | M29: -1 | N29: =H29-J29 -> 6.5 | O29: -4.5
B30: Oct | C30: 17 | D30: 18918 | F30: Gallup | G30: News Chron | H30: 50 | I30: -0.5 | J30: 45.5 | K30: 1.5 | L30: 4.5 | M30: 0 | N30: =H30-J30 -> 4.5 | O30: -2.5
B31: Oct | C31: 19 | D31: 18920 | F31: Gallup | H31: 50 | I31: 0 | J31: 46.5 | K31: 1 | L31: 3 | M31: -1.5 | N31: =H31-J31 -> 3.5 | O31: -1
B32: Oct | C32: 19 | D32: 18920 | F32: Research Serv Ltd | G32: DG | H32: 50 | J32: 43 | L32: 6.7 | N32: =H32-J32 -> 7
B33: Oct | C33: 19-23 | D33: 18920 | G33: DE | H33: 50 | J33: 46 | L33: 3.5 | N33: =H33-J33 -> 4
B34: Oct | C34: 22 | D34: 18923 | F34: Gallup | G34: News Chron | H34: 49.5 | J34: 47 | L34: 3 | N34: =H34-J34 -> 2.5
E36: 25 | F36: Result | H36: 47.8 | J36: 49.4 | L36: 2.6 | N36: =H36-J36 -> -1.6

Sheet 51-55
A1: Year | B1: Month | C1: Fieldwork | E1: Published | F1: Polling | G1: Publisher | H1: Con | J1: Lab | L1: LD | N1: Con lead | Q1: Leader: | R1: Con good | S1: Con bad | T1: Con net | U1: Lab good | V1: Lab bad | W1: Lab net | X1: LD good | Y1: LD bad | Z1: LD net | AA1: Question | AC1: Govt good | AD1: Govt bad | AE1: Govt net | AF1: Question
A2: 1951 | B2: Nov | F2: Gallup | G2: News Chron | P2: Poll conducted but results lost by Gallup
B3: Dec | F3: Gallup | G3: News Chron | H3: 47 | J3: 45 | L3: 6.5 | N3: =H3-J3 -> 2 | R3: 55 | S3: 37 | T3: =R3-S3 -> 18 | AA3: Do you approve or disapprove of X as Y? | AC3: 44 | AD3: 29 | AE3: =AC3-AD3 -> 15 | AF3: Are you satisfied or dissatisfied with the Government's record to date?
A4: 1952 | B4: Jan | F4: Gallup | G4: News Chron | H4: 44.5 | I4: -2.5 | J4: 48 | K4: 3 | L4: 6 | M4: -0.5 | N4: =H4-J4 -> -3.5 | O4: -5.5 | R4: 53
B5: Feb | F5: Gallup | G5: News Chron | H5: 41 | I5: -3.5 | J5: 47 | K5: -1 | L5: 10.5 | M5: 4.5 | N5: =H5-J5 -> -6 | O5: -2.5
B6: Mar | F6: Gallup | G6: News Chron | H6: 41.5 | I6: 0.5 | J6: 48 | K6: 1 | L6: 9.5 | M6: -1 | N6: =H6-J6 -> -6.5 | O6: -0.5
B7: Apr | F7: Gallup | G7: News Chron | H7: 43.5 | I7: 2 | J7: 49 | K7: 1 | N7: =H7-J7 -> -5.5 | P7: Poll conducted but results lost by Gallup. Results from Butler 1952 book
B8: May | F8: Gallup | G8: News Chron | H8: 43.5 | I8: 0 | J8: 49 | K8: 0 | L8: 7 | N8: =H8-J8 -> -5.5 | R8: 51 | S8: 42 | T8: =R8-S8 -> 9 | AA8: Do you approve or disapprove of X as Y? | AC8: 40 | AD8: 48 | AE8: =AC8-AD8 -> -8 | AF8: Are you satisfied or dissatisfied with the Government's record to date?
B9: Jun | F9: Gallup | G9: News Chron | H9: 40.5 | I9: -3 | J9: 49 | K9: 0 | L9: 9.5 | M9: 2.5 | N9: =H9-J9 -> -8.5 | O9: -3
B10: Jul | F10: Gallup | G10: News Chron | H10: 40 | I10: -0.5 | J10: 50 | K10: 1 | L10: 8.5 | M10: -1 | N10: =H10-J10 -> -10 | O10: -1.5
B11: Aug | F11: Gallup | G11: News Chron | H11: 40 | I11: 0 | J11: 48 | K11: -2 | L11: 10.5 | M11: 2 | N11: =H11-J11 -> -8 | O11: 2 | R11: 48 | S11: 44 | T11: =R11-S11 -> 4 | AA11: Do you approve or disapprove of X as Y? | AC11: 44 | AD11: 44 | AE11: =AC11-AD11 -> 0 | AF11: Are you satisfied or dissatisfied with the Government's record to date?
B12: Sep | F12: Gallup | G12: News Chron | H12: 41 | I12: 1 | J12: 48.5 | K12: 0.5 | L12: 9 | M12: -1.5 | N12: =H12-J12 -> -7.5 | O12: 0.5
B13: Oct | F13: Gallup | G13: News Chron | H13: 41.5 | I13: 0.5 | J13: 48 | K13: -0.5 | L13: 9 | M13: 0 | N13: =H13-J13 -> -6.5 | O13: 1
B14: Nov | F14: Gallup | G14: News Chron | H14: 43.5 | I14: 2 | J14: 46.5 | K14: -1.5 | L14: 9 | M14: 0 | N14: =H14-J14 -> -3 | O14: 3.5 | R14: 51 | S14: 39 | T14: =R14-S14 -> 12 | AA14: Do you approve or disapprove of X as Y? | AC14: 47 | AD14: 33 | AE14: =AC14-AD14 -> 14 | AF14: Are you satisfied or dissatisfied with the Government's record to date?
B15: Dec | F15: Gallup | G15: News Chron | H15: 44 | I15: 0.5 | J15: 45.5 | K15: -1 | L15: 9.5 | M15: 0.5 | N15: =H15-J15 -> -1.5 | O15: 1.5
A16: 1953 | B16: Jan | F16: Gallup | G16: News Chron | H16: 42.5 | I16: -1.5 | J16: 46 | K16: 0.5 | L16: 10 | M16: 0.5 | N16: =H16-J16 -> -3.5 | O16: -2 | R16: 51 | S16: 40 | T16: =R16-S16 -> 11 | AA16: Do you approve or disapprove of X as Y? | AC16: 46 | AD16: 38 | AE16: =AC16-AD16 -> 8 | AF16: Are you satisfied or dissatisfied with the Government's record to date?
B17: Feb | F17: Gallup | G17: News Chron | H17: 42.5 | I17: 0 | J17: 46 | K17: 0 | L17: 10 | M17: 0 | N17: =H17-J17 -> -3.5 | O17: 0
B18: Mar | F18: Gallup | G18: News Chron | H18: 46.5 | I18: 4 | J18: 44.5 | K18: -1.5 | L18: 8 | M18: -2 | N18: =H18-J18 -> 2 | O18: 5.5
B19: Apr | F19: Gallup | G19: News Chron | H19: 47 | I19: 0.5 | J19: 45 | K19: 0.5 | L19: 7.5 | M19: -0.5 | N19: =H19-J19 -> 2 | O19: 0 | AC19: 60 | AD19: 27 | AE19: =AC19-AD19 -> 33 | AF19: Are you satisfied or dissatisfied with the Government's record to date?
B20: May | F20: Gallup | G20: News Chron | H20: 47 | I20: 0 | J20: 45 | K20: 0 | L20: 7.5 | M20: 0 | N20: =H20-J20 -> 2 | O20: 0
B21: Jun | F21: Gallup | G21: News Chron | H21: 46 | I21: -1 | J21: 46 | K21: 1 | L21: 7 | M21: -0.5 | N21: =H21-J21 -> 0 | O21: -2
B22: Jul | F22: Gallup | G22: News Chron | P22: Poll conducted but results lost by Gallup
B23: Aug | F23: Gallup | G23: News Chron | H23: 45 | I23: =H23-H21 -> -1 | J23: 46 | K23: =J23-J21 -> 0 | L23: 8 | M23: =L23-L21 -> 1 | N23: =H23-J23 -> -1 | O23: =N23-N21 -> -1 | AC23: 49 | AD23: 35 | AE23: =AC23-AD23 -> 14 | AF23: Are you satisfied or dissatisfied with the Government's record to date?
B24: Sep | F24: Gallup | G24: News Chron | H24: 44.5 | I24: -0.5 | J24: 47.5 | K24: 1.5 | L24: 7 | M24: -1 | N24: =H24-J24 -> -3 | O24: -2
B25: Oct | F25: Gallup | G25: News Chron | H25: 45 | I25: 0.5 | J25: 47.5 | K25: 0 | L25: 7 | M25: 0 | N25: =H25-J25 -> -2.5 | O25: 0.5 | R25: 56 | S25: 34 | T25: =R25-S25 -> 22 | AA25: Do you approve or disapprove of X as Y? | AC25: 54 | AD25: 31 | AE25: =AC25-AD25 -> 23 | AF25: Are you satisfied or dissatisfied with the Government's record to date?
B26: Nov | F26: Gallup | G26: News Chron | P26: Poll conducted but results lost by Gallup
B27: Dec | F27: Gallup | G27: News Chron | H27: 45 | J27: 47 | L27: 7 | N27: =H27-J27 -> -2
A28: 1954 | B28: Jan | C28: 21-31 | D28: 19745 | F28: Gallup | G28: News Chron | H28: 45.5 | I28: 0.5 | J28: 46.5 | K28: -0.5 | L28: 7 | M28: 0 | N28: =H28-J28 -> -1 | O28: 1 | AC28: 50 | AD28: 32 | AE28: =AC28-AD28 -> 18 | AF28: Are you satisfied or dissatisfied with the Government's record to date?
B29: Feb | C29: 18-28 | D29: 19773 | F29: Gallup | G29: News Chron | H29: 45 | I29: -0.5 | J29: 44.5 | K29: -2 | L29: 9 | M29: 2 | N29: =H29-J29 -> 0.5 | O29: 1.5
B30: Feb | C30: 26 | D30: 19781 | F30: Gallup | G30: News Chron | H30: 45.5 | I30: 0.5 | J30: 47 | K30: 2.5 | L30: 7 | M30: -2 | N30: =H30-J30 -> -1.5 | O30: -2
B31: Mar | C31: 20-31 | D31: 19803 | F31: Gallup | G31: News Chron | H31: 46.5 | I31: 1 | J31: 45.5 | K31: -1.5 | L31: 7 | M31: 0 | N31: =H31-J31 -> 1 | O31: 2.5
B32: Mar | C32: 31 | D32: 19814 | F32: Gallup | G32: News Chron | H32: 46 | I32: -0.5 | J32: 45.5 | K32: 0 | L32: 7 | M32: 0 | N32: =H32-J32 -> 0.5 | O32: -0.5
B33: Apr | C33: 16-27 | D33: 19830 | F33: Gallup | G33: News Chron | H33: 46.5 | I33: 0.5 | J33: 46 | K33: 0.5 | L33: 7 | M33: 0 | N33: =H33-J33 -> 0.5 | O33: 0 | R33: 48 | S33: 44 | T33: =R33-S33 -> 4 | AA33: Do you approve or disapprove of X as Y?
B34: May | F34: Gallup | G34: News Chron | H34: 45.5 | I34: -1 | J34: 47.5 | K34: 1.5 | L34: 6.5 | M34: -0.5 | N34: =H34-J34 -> -2 | O34: -2.5
B35: Jun | F35: Gallup | G35: News Chron | H35: 45 | I35: -0.5 | J35: 47.5 | K35: 0 | L35: 7 | M35: 0.5 | N35: =H35-J35 -> -2.5 | O35: -0.5 | AC35: 47 | AD35: 33 | AE35: =AC35-AD35 -> 14 | AF35: Are you satisfied or dissatisfied with the Government's record to date?
B36: Jul | F36: Gallup | G36: News Chron | P36: Poll conducted but results lost by Gallup
B37: Aug | F37: Gallup | G37: News Chron | H37: 42.5 | J37: 48.5 | L37: 8 | N37: =H37-J37 -> -6
B38: Sep | F38: Gallup | G38: News Chron | H38: 43 | I38: 0.5 | J38: 48 | K38: -0.5 | L38: 8 | M38: 0 | N38: =H38-J38 -> -5 | O38: 1
B39: Oct | F39: Gallup | G39: News Chron | H39: 45 | I39: 2 | J39: 45.5 | K39: -2.5 | L39: 8 | M39: 0 | N39: =H39-J39 -> -0.5 | O39: 4.5
B40: Nov | F40: Gallup | G40: News Chron | H40: 46 | I40: 1 | J40: 47 | K40: 1.5 | L40: 6 | M40: -2 | N40: =H40-J40 -> -1 | O40: -0.5
B41: Dec | F41: Gallup | G41: News Chron | H41: 49 | I41: 3 | J41: 49 | K41: 2 | L41: 2 | M41: -4 | N41: =H41-J41 -> 0 | O41: 1
A42: 1955 | B42: Jan | F42: Gallup | G42: News Chron | H42: 46.5 | I42: -2.5 | J42: 45.5 | K42: -3.5 | L42: 7 | M42: 5 | N42: =H42-J42 -> 1 | O42: 1 | R42: 52 | S42: 40 | T42: =R42-S42 -> 12 | AA42: Do you approve or disapprove of X as Y? | AC42: 53 | AD42: 32 | AE42: =AC42-AD42 -> 21 | AF42: Are you satisfied or dissatisfied with the Government's record to date?
B43: Feb | F43: Gallup | G43: News Chron | H43: 46.5 | I43: 0 | J43: 44.5 | K43: -1 | L43: 8 | M43: 1 | N43: =H43-J43 -> 2 | O43: 1
B44: Mar | F44: Gallup | G44: News Chron | H44: 46.5 | I44: 0 | J44: 44.5 | K44: 0 | L44: 8 | M44: 0 | N44: =H44-J44 -> 2 | O44: 0
B45: Apr | F45: Gallup | G45: News Chron | H45: 48 | I45: 1.5 | J45: 44 | K45: -0.5 | L45: 7 | M45: -1 | N45: =H45-J45 -> 4 | O45: 2 | R45: 73 | S45: 14 | T45: =R45-S45 -> 59 | AA45: Do you approve or disapprove of X as Y?
B46: Apr | E46: 28 | F46: Gallup | G46: News Chron | H46: 47.5 | I46: -0.5 | J46: 47 | K46: 3 | L46: 5 | M46: -2 | N46: 0.5 | O46: -3.5 | R46: 71 | S46: 15 | T46: =R46-S46 -> 56 | AA46: For Con: Are you satisfied or dissatisfied with X as Y?
B47: May | C47: 1-3 | D47: 20210 | E47: 5 | F47: Gallup | G47: News Chron | H47: 48.5 | I47: 1 | J47: 47.5 | K47: 0.5 | L47: 3 | M47: -2 | N47: =H47-J47 -> 1 | O47: 0.5
B48: May | C48: 8-10 | D48: 20217 | E48: 12 | F48: Gallup | G48: News Chron | H48: 49.5 | I48: 1 | J48: 47 | K48: -0.5 | L48: 3 | M48: 0 | N48: =H48-J48 -> 2.5 | O48: 1.5
B49: May | C49: 15-17 | D49: 20224 | E49: 19 | F49: Gallup | G49: News Chron | H49: 50.5 | I49: 1 | J49: 47 | K49: 0 | L49: 2.5 | M49: -0.5 | N49: =H49-J49 -> 3.5 | O49: 1
B50: May | C50: 17-20 | D50: 20226 | E50: 24 | F50: Gallup | G50: News Chron | H50: 51 | I50: 0.5 | J50: 47 | K50: 0 | L50: 2 | M50: -0.5 | N50: =H50-J50 -> 4 | O50: 0.5
B51: May | C51: 21-24 | D51: 20230 | E51: 26 | F51: Gallup | G51: News Chron | H51: 51 | I51: 0 | J51: 47.5 | K51: 0.5 | L51: 1.5 | M51: -0.5 | N51: =H51-J51 -> 3.5 | O51: -0.5
B52: May | G52: DE | H52: 50 | J52: 47.3 | L52: 2.3 | N52: =H52-J52 -> 2.7
E54: 26 | F54: Result | H54: 49.3 | J54: 47.4 | L54: 2.8 | N54: =H54-J54 -> 1.9

Sheet 55-59
A1: Year | B1: Month | C1: Fieldwork | E1: Published | F1: Polling | G1: Publisher | H1: Con | J1: Lab | L1: LD | N1: Con lead | Q1: Leader: | R1: Con good | S1: Con bad | T1: Con net | U1: Lab good | V1: Lab bad | W1: Lab net | X1: LD good | Y1: LD bad | Z1: LD net | AA1: Question | AB1: Con Best PM | AC1: Lab Best PM | AD1: LD Best PM | AE1: Question | AF1: Govt good | AG1: Govt bad | AH1: Govt net | AI1: Question
A2: 1955 | B2: Jun | F2: Gallup | G2: News Chron | P2: Non-Gallup figures recaclulated to exclude "don't know" and rounded to nearest whole number where required
B3: Jul | C3: 2-13 | D3: 20272 | F3: Gallup | G3: News Chron | H3: 47 | J3: 43 | L3: 9 | N3: =H3-J3 -> 4 | R3: 68 | S3: 17 | T3: =R3-S3 -> 51 | AA3: For Con: Are you satisfied or dissatisfied with X as Y?
B4: Aug | F4: Gallup | G4: News Chron | H4: 44.5 | I4: -2.5 | J4: 47.5 | K4: 4.5 | L4: 7 | M4: -2 | N4: =H4-J4 -> -3 | O4: -7
B5: Sep | C5: 9-19 | D5: 20341 | F5: Gallup | G5: News Chron | H5: 48 | I5: 3.5 | J5: 44 | K5: -3.5 | L5: 7 | M5: 0 | N5: =H5-J5 -> 4 | O5: 7 | R5: 70 | S5: 16 | T5: =R5-S5 -> 54 | AA5: For Con: Are you satisfied or dissatisfied with X as Y?
B6: Oct | C6: 19-26 | D6: 20381 | F6: Gallup | G6: News Chron | H6: 46.5 | I6: -1.5 | J6: 44.5 | K6: 0.5 | L6: 8 | M6: 1 | N6: =H6-J6 -> 2 | O6: -2 | R6: 63 | S6: 21 | T6: =R6-S6 -> 42 | AA6: For Con: Are you satisfied or dissatisfied with X as Y?
B7: Dec | C7: 24-4 | D7: 20447 | F7: Gallup | G7: News Chron | H7: 44.5 | I7: -2 | J7: 45.5 | K7: 1 | L7: 9 | M7: 1 | N7: =H7-J7 -> -1 | O7: -3 | R7: 61 | S7: 26 | T7: =R7-S7 -> 35 | AA7: For Con: Are you satisfied or dissatisfied with X as Y?
B8: Dec | C8: 17-30 | D8: 20440 | F8: Gallup | G8: News Chron | H8: 45.5 | I8: 1 | J8: 46.5 | K8: 1 | L8: 7.5 | M8: -1.5 | N8: =H8-J8 -> -1 | O8: 0 | R8: 60 | S8: 24 | T8: =R8-S8 -> 36 | AA8: For Con: Are you satisfied or dissatisfied with X as Y? | AF8: 44 | AG8: 40 | AH8: =AF8-AG8 -> 4 | AI8: Do you approve or disapprove of the government's record to date?
A9: 1956 | B9: Jan | C9: 14-26 | D9: 20468 | F9: Gallup | G9: News Chron | H9: 45.5 | I9: 0 | J9: 46.5 | K9: 0 | L9: 7.5 | M9: 0 | N9: =H9-J9 -> -1 | O9: 0
B10: Feb | C10: 11-20 | D10: 20496 | F10: Gallup | G10: News Chron | H10: 44 | I10: -1.5 | J10: 46 | K10: -0.5 | L10: 9 | M10: 1.5 | N10: =H10-J10 -> -2 | O10: -1 | R10: 50 | S10: 34 | T10: =R10-S10 -> 16 | AA10: For Con: Are you satisfied or dissatisfied with X as Y?
B11: Apr | C11: 24-4 | D11: 20569 | F11: Gallup | G11: News Chron | H11: 44.5 | I11: 0.5 | J11: 47.5 | K11: 1.5 | L11: 7 | M11: -2 | N11: =H11-J11 -> -3 | O11: -1 | R11: 45 | S11: 37 | T11: =R11-S11 -> 8 | AA11: For Con: Are you satisfied or dissatisfied with X as Y? | AF11: 34 | AG11: 43 | AH11: =AF11-AG11 -> -9 | AI11: Do you approve or disapprove of the government's record to date?
B12: Apr | C12: 20-29 | D12: 20565 | F12: Gallup | G12: News Chron | H12: 43 | I12: -1.5 | J12: 48 | K12: 0.5 | L12: 8 | M12: 1 | N12: =H12-J12 -> -5 | O12: -2 | R12: 41
B13: May | C13: 19-27 | D13: 20594 | F13: Gallup | G13: News Chron | H13: 43 | I13: 0 | J13: 47 | K13: -1 | L13: 9 | M13: 1 | N13: =H13-J13 -> -4 | O13: 1 | R13: 54 | U13: 42 | V13: 24 | W13: =U13-V13 -> 18 | AA13: For Con:? For Lab: Do you think that X is or is not a good leader of Y? | AF13: 40 | AG13: 51 | AH13: =AF13-AG13 -> -11 | AI13: Do you approve or disapprove of the government's record to date?
B14: Jun | F14: Gallup | G14: News Chron | P14: Poll conducted but results lost by Gallup
B15: Jul | C15: 13-23 | D15: 20649 | F15: Gallup | G15: News Chron | H15: 42 | J15: 49 | L15: 8 | N15: =H15-J15 -> -7 | R15: 50 | S15: 33 | T15: =R15-S15 -> 17 | U15: 46 | V15: 18 | W15: =U15-V15 -> 28 | AA15: For Con: Are you satisfied with X as Y? For Lab: Do you think that X is, or is not, proving to be a good leader of Y? | AF15: 36 | AG15: 46 | AH15: =AF15-AG15 -> -10 | AI15: Do you approve or disapprove of the government's record to date?
B16: Aug | C16: 16-24 | D16: 20683 | F16: Gallup | G16: News Chron | H16: 43.5 | I16: 1.5 | J16: 49.5 | K16: 0.5 | L16: 6 | M16: -2 | N16: =H16-J16 -> -6 | O16: 1
B17: Sep | C17: 7-18 | D17: 20705 | F17: Gallup | G17: News Chron | H17: 43 | I17: -0.5 | J17: 46.5 | K17: -3 | L17: 10 | M17: 4 | N17: =H17-J17 -> -3.5 | O17: 2.5 | R17: 51 | S17: 34 | T17: =R17-S17 -> 17 | U17: 53 | V17: 17 | W17: =U17-V17 -> 36 | AA17: For Con: Are you satisfied or dissatisfied with X as Y? For Lab: Do you think that X is, or is not, proving to be a good leader of Y?
B18: Oct | F18: Gallup | G18: News Chron | H18: 42.5 | I18: -0.5 | J18: 47 | K18: 0.5 | L18: 9.5 | M18: -0.5 | N18: =H18-J18 -> -4.5 | O18: -1 | R18: 47 | S18: 36 | T18: =R18-S18 -> 11 | AA18: For Con: Are you satisfied or dissatisfied with X as Y?
B19: Nov | C19: 10-11 | D19: 20769 | F19: Gallup | G19: News Chron | H19: 46 | I19: 3.5 | J19: 45 | K19: -2 | L19: 8 | M19: -1.5 | N19: =H19-J19 -> 1 | O19: 5.5 | R19: 57 | S19: 35 | T19: =R19-S19 -> 22 | AA19: For Con: Are you satisfied or dissatisfied with X as Y?
B20: Nov | C20: 22-25 | D20: 20781 | F20: Gallup | G20: News Chron | H20: 45 | I20: -1 | J20: 46 | K20: 1 | L20: 8.5 | M20: 0.8 | N20: =H20-J20 -> -1 | O20: -2 | R20: 52 | AA20: For Con: Are you satisfied or dissatisfied with X as Y?
B21: Dec | C21: 1-2 | D21: 20790 | F21: Gallup | G21: News Chron | H21: 45 | I21: 0 | J21: 46 | K21: 0 | L21: 8 | M21: -0.8 | N21: =H21-J21 -> -1 | O21: 0 | R21: 56 | S21: 33 | T21: =R21-S21 -> 23 | U21: 44 | V21: 30 | W21: =U21-V21 -> 14 | AA21: For Con: Are you satisfied or dissatisfied with X as Y? For Lab: Do you think that X is, or is not, proving to be a good leader of Y?
A22: 1957 | B22: Jan | C22: 12-13 | D22: 20832 | F22: Gallup | G22: News Chron | H22: 43.5 | I22: -1.5 | J22: 48.5 | K22: 2.5 | L22: 7 | M22: -1 | N22: =H22-J22 -> -5 | O22: -4 | R22: 50 | S22: 25 | T22: =R22-S22 -> 25 | U22: 55 | V22: 25 | W22: =U22-V22 -> 30 | AA22: For Con: Do you approve or disapprove of the appointment of X as Y? For Lab: How would you rate X?
B23: Feb | F23: Gallup | G23: News Chron | H23: 42 | I23: -1.5 | J23: 48 | K23: -0.5 | L23: 8.5 | M23: 1.5 | N23: =H23-J23 -> -6 | O23: -1
B24: Mar | C24: 15-22 | D24: 20894 | F24: Gallup | G24: News Chron | H24: 40 | I24: -2 | J24: 51.5 | K24: 3.5 | L24: 7.5 | M24: -1 | N24: =H24-J24 -> -11.5 | O24: -5.5 | R24: 45 | S24: 23 | T24: =R24-S24 -> 22 | AA24: For Con: Are you satisfied or dissatisfied with X as Y?
B25: Apr | C25: 12-16 | D25: 20922 | F25: Gallup | G25: News Chron | H25: 41 | I25: 1 | J25: 51 | K25: -0.5 | L25: 7 | M25: -0.5 | N25: =H25-J25 -> -10 | O25: 1.5 | R25: 44 | S25: 34 | T25: =R25-S25 -> 10 | AA25: For Con: Are you satisfied or dissatisfied with X as Y?
B26: Jun | C26: 24-1 | D26: 20995 | F26: Gallup | G26: News Chron | H26: 41.5 | I26: 0.5 | J26: 50 | K26: -1 | L26: 7.5 | M26: 0.5 | N26: =H26-J26 -> -8.5 | O26: 1.5 | R26: 54 | S26: 27 | T26: =R26-S26 -> 27 | U26: 41 | V26: 27 | W26: =U26-V26 -> 14 | AA26: For Con: Are you satisfied or dissatisfied with X as Y? For Lab: Do you think that X is or is not proving to be a good leader of Y?
B27: Jun | F27: Gallup | G27: News Chron | P27: Poll conducted but results lost by Gallup
B28: Jul | C28: 5-11 | D28: 21006 | F28: Gallup | G28: News Chron | H28: 41.5 | J28: 49.5 | L28: 8 | N28: =H28-J28 -> -8
B29: Aug | C29: 16-27 | D29: 21048 | F29: Gallup | G29: News Chron | H29: 41.5 | I29: 0 | J29: 49 | K29: -0.5 | L29: 8.5 | M29: 0.5 | N29: =H29-J29 -> -7.5 | O29: 0.5
B30: Aug | C30: 29-10 | D30: 21061 | F30: Gallup | G30: News Chron | H30: 40.5 | I30: -1 | J30: 48.5 | K30: -0.5 | L30: 10 | M30: 1.5 | N30: =H30-J30 -> -8 | O30: -0.5
B31: Sep | C31: 19-25 | D31: 21082 | F31: Gallup | G31: News Chron | H31: 33.5 | I31: -7 | J31: 52 | K31: 3.5 | L31: 14 | M31: 4 | N31: =H31-J31 -> -18.5 | O31: -10.5 | U31: 39 | V31: 23 | W31: =U31-V31 -> 16 | X31: 19 | Y31: 7 | Z31: =X31-Y31 -> 12 | AA31: For Lab: Do you think that X is or is not proving a good leader of Y? For Lib: Do you think X is or is not doing a good job as leader of Y?
B32: Oct | C32: 4-8 | D32: 21097 | F32: Gallup | G32: News Chron | H32: 37 | I32: 3.5 | J32: 49 | K32: -3 | L32: 13 | M32: -1 | N32: =H32-J32 -> -12 | O32: 6.5 | R32: 44 | S32: 34 | T32: =R32-S32 -> 10 | AA32: For Con: Are you satisfied or dissatisfied with X as Y? | AB32: 44 | AC32: 29 | AE32: Who do you think would do the better job as Prime Minister, X or Y? | AF32: 37 | AG32: 42 | AH32: =AF32-AG32 -> -5 | AI32: Do you approve or disapprove of the government's record to date?
B33: Nov | C33: 2-6 | D33: 21126 | F33: Gallup | G33: News Chron | H33: 36 | I33: -1 | J33: 48.5 | K33: -0.5 | L33: 14.5 | M33: 1.5 | N33: =H33-J33 -> -12.5 | O33: -0.5 | R33: 39 | S33: 39 | T33: =R33-S33 -> 0 | AA33: For Con: Are you satisfied or dissatisfied with X as Y?
B34: Nov | C34: 22-26 | D34: 21146 | F34: Gallup | G34: News Chron | H34: 38.5 | I34: 2.5 | J34: 49 | K34: 0.5 | L34: 12 | M34: -2.5 | N34: =H34-J34 -> -10.5 | O34: 2
B35: Dec | F35: Gallup | G35: News Chron | H35: 41.5 | I35: 3 | J35: 47.5 | K35: -1.5 | L35: 9.5 | M35: -2.5 | N35: =H35-J35 -> -6 | O35: 4.5
A36: 1958 | B36: Jan | C36: 17-23 | D36: 21202 | F36: Gallup | G36: News Chron | H36: 40 | I36: -1.5 | J36: 47.5 | K36: 0 | L36: 12 | M36: 2.5 | N36: =H36-J36 -> -7.5 | O36: -1.5 | R36: 47 | S36: 37 | T36: =R36-S36 -> 10 | U36: 40 | V36: 23 | W36: =U36-V36 -> 17 | AA36: For Con: Are you satisified or dissatisfied with X as Y? For Lab: Do you think that X is or is not proving a good leader of Y? | AF36: 38 | AG36: 42 | AH36: =AF36-AG36 -> -4 | AI36: Do you approve or disapprove of the government's record to date?
B37: Feb | C37: 14-19 | D37: 21230 | F37: Gallup | G37: News Chron | H37: 36 | I37: -4 | J37: 44.5 | K37: -3 | L37: 18.5 | M37: 6.5 | N37: =H37-J37 -> -8.5 | O37: -1 | R37: 35 | S37: 41 | T37: =R37-S37 -> -6 | AA37: For Con: Are you satisfied or dissatisfied with X as Y?
B38: Mar | F38: Gallup | G38: News Chron | P38: Poll conducted but results lost by Gallup. Gallup 2 vols has answers for a non-standard VI question
B39: Apr | C39: 19-23 | D39: 21294 | F39: Gallup | G39: News Chron | H39: 38 | J39: 46.5 | L39: 15 | N39: =H39-J39 -> -8.5 | R39: 37
B40: May | C40: 3-7 | D40: 21308 | F40: Gallup | G40: News Chron | H40: 34 | I40: -4 | J40: 47 | K40: 0.5 | L40: 19 | M40: 4 | N40: =H40-J40 -> -13 | O40: -4.5 | R40: 37 | S40: 40 | T40: =R40-S40 -> -3 | AA40: For Con: Are you satisfied or dissatisfied with X as Y? | AF40: 30 | AG40: 43 | AH40: =AF40-AG40 -> -13 | AI40: Do you approve or disapprove of the government's record to date?
B41: May | C41: 30-6 | D41: 21335 | F41: Gallup | G41: News Chron | H41: 39 | I41: 5 | J41: 45.5 | K41: -1.5 | L41: 15 | M41: -4 | N41: =H41-J41 -> -6.5 | O41: 6.5
B42: Jun | C42: 20-25 | D42: 21356 | F42: Gallup | G42: News Chron | H42: 39.5 | I42: 0.5 | J42: 43 | K42: -2.5 | L42: 17 | M42: 2 | N42: =H42-J42 -> -3.5 | O42: 3 | R42: 50
B43: Jul | F43: Gallup | G43: News Chron | P43: Poll conducted but results lost by Gallup | R43: 50 | S43: 32 | T43: =R43-S43 -> 18 | AA43: For Con: Are you satisfied or dissatisfied with X as Y? | AF43: 40 | AG43: 41 | AH43: =AF43-AG43 -> -1 | AI43: Do you approve or disapprove of the government's record to date?
B44: Aug | C44: 1-6 | D44: 21398 | F44: Gallup | G44: News Chron | H44: 42.5 | J44: 42 | L44: 15 | N44: =H44-J44 -> 0.5 | R44: 53 | S44: 27 | T44: =R44-S44 -> 26 | U44: 37 | V44: 25 | W44: =U44-V44 -> 12 | AA44: For Con: Are you satisified or dissatisfied with X as Y? For Lab: Do you think that X is or is not proving a good leader of Y? | AF44: 41 | AG44: 35 | AH44: =AF44-AG44 -> 6 | AI44: Do you approve or disapprove of the government's record to date?
B45: Sep | C45: 19-23 | D45: 21447 | F45: Gallup | G45: News Chron | H45: 44 | I45: 1.5 | J45: 43 | K45: 1 | L45: 13 | M45: -2 | N45: =H45-J45 -> 1 | O45: 0.5 | R45: 55 | X45: 29 | Y45: 9 | Z45: =X45-Y45 -> 20 | AA45: For Lib: Do you think X is or is not doing a good job as leader of Y?
B46: Oct | C46: 10-14 | D46: 21468 | F46: Gallup | G46: News Chron | H46: 45.5 | I46: 1.5 | J46: 41.5 | K46: -1.5 | L46: 12 | M46: -1 | N46: =H46-J46 -> 4 | O46: 3 | R46: 55 | S46: 24 | T46: =R46-S46 -> 31 | U46: 41 | V46: 25 | W46: =U46-V46 -> 16 | AA46: For Con: Are you satisified or dissatisfied with X as Y? For Lab: Do you think that X is or is not proving a good leader of Y? | AF46: 43 | AG46: 27 | AH46: =AF46-AG46 -> 16 | AI46: Do you approve or disapprove of the government's record to date?
B47: Nov | F47: Gallup | G47: News Chron | H47: 46.5 | I47: 1 | J47: 42.5 | K47: 1 | L47: 10 | M47: -2 | N47: =H47-J47 -> 4 | O47: 0 | R47: 55 | S47: 28 | T47: =R47-S47 -> 27 | U47: 42 | V47: 21 | W47: =U47-V47 -> 21 | AA47: For Con: Are you satisified or dissatisfied with X as Y? For Lab: Do you think that X is or is not proving a good leader of Y? | AF47: 48 | AG47: 33 | AH47: =AF47-AG47 -> 15 | AI47: Do you approve or disapprove of the government's record to date?
B48: Dec | C48: 6-10 | D48: 21525 | F48: Gallup | G48: News Chron | H48: 47 | I48: 0.5 | J48: 42.5 | K48: 0 | L48: 9.5 | M48: -0.5 | N48: =H48-J48 -> 4.5 | O48: 0.5 | R48: 55 | S48: 26 | T48: =R48-S48 -> 29 | U48: 45 | V48: 21 | W48: =U48-V48 -> 24 | AA48: For Con: Are you satisified or dissatisfied with X as Y? For Lab: Do you think that X is or is not proving a good leader of Y? | AF48: 50 | AG48: 29 | AH48: =AF48-AG48 -> 21 | AI48: Do you approve or disapprove of the government's record to date?
A49: 1959 | B49: Jan | C49: 10-14 | D49: 21560 | E49: 19 | F49: Gallup | G49: News Chron | H49: 45.5 | I49: -1.5 | J49: 45 | K49: 2.5 | L49: 8.5 | M49: -1 | N49: =H49-J49 -> 0.5 | O49: -4 | R49: 53 | S49: 32 | T49: =R49-S49 -> 21 | U49: 47 | V49: 24 | W49: =U49-V49 -> 23 | AA49: For Con: Are you satisified or dissatisfied with X as Y? For Lab: Do you think that X is or is not proving a good leader of Y? | AF49: 48 | AG49: 34 | AH49: =AF49-AG49 -> 14 | AI49: Do you approve or disapprove of the government's record to date?
B50: Jan | D50: 21564 | E50: 19 | F50: NOP | G50: DM
B51: Jan | C51: 24-28 | D51: 21574 | F51: Gallup | G51: News Chron | H51: 44.5 | I51: -1 | J51: 46.5 | K51: 1.5 | L51: 8.5 | M51: 0 | N51: =H51-J51 -> -2 | O51: -2.5
B52: Feb | F52: Gallup | G52: News Chron | H52: 43 | I52: -1.5 | J52: 47 | K52: 0.5 | L52: 8.5 | M52: 0 | N52: =H52-J52 -> -4 | O52: -2 | R52: 54 | S52: 26 | T52: =R52-S52 -> 28 | U52: 43 | V52: 24 | W52: =U52-V52 -> 19 | AA52: For Con: Are you satisified or dissatisfied with X as Y? For Lab: Do you think that X is or is not proving a good leader of Y? | AF52: 41 | AG52: 30 | AH52: =AF52-AG52 -> 11 | AI52: Do you approve or disapprove of the government's record to date?
B53: Mar | C53: 13-18 | D53: 21622 | F53: Gallup | G53: News Chron | H53: 45.5 | I53: 2.5 | J53: 47 | K53: 0 | L53: 6.5 | M53: -2 | N53: =H53-J53 -> -1.5 | O53: 2.5 | R53: 57 | S53: 26 | T53: =R53-S53 -> 31 | U53: 46 | V53: 22 | W53: =U53-V53 -> 24 | AA53: For Con: Are you satisified or dissatisfied with X as Y? For Lab: Do you think that X is or is not proving a good leader of Y? | AB53: 47 | AC53: 30 | AE53: Who, do you think, would do the better job as Prime Minister, X or Y? | AF53: 44 | AG53: 29 | AH53: =AF53-AG53 -> 15 | AI53: Do you approve or disapprove of the government's record to date?
B54: Apr | C54: 10-15 | D54: 21650 | F54: Gallup | G54: News Chron | H54: 44.5 | I54: -1 | J54: 44 | K54: -3 | L54: 10 | M54: 3.5 | N54: =H54-J54 -> 0.5 | O54: 2 | R54: 60 | S54: 28 | T54: =R54-S54 -> 32 | U54: 48 | V54: 28 | W54: =U54-V54 -> 20 | AA54: For Con: Are you satisified or dissatisfied with X as Y? For Lab: Do you think that X is or is not proving a good leader of Y? | AF54: 46 | AG54: 35 | AH54: =AF54-AG54 -> 11 | AI54: Do you approve or disapprove of the government's record to date?
B55: May | F55: Gallup | G55: News Chron | P55: Poll conducted but results lost by Gallup | R55: 62 | S55: 24 | T55: =R55-S55 -> 38 | U55: 47 | V55: 25 | W55: =U55-V55 -> 22 | AA55: For Con: Are you satisified or dissatisfied with X as Y? For Lab: Do you think that X is or is not proving a good leader of Y? | AF55: 47 | AG55: 32 | AH55: =AF55-AG55 -> 15 | AI55: Do you approve or disapprove of the government's record to date?
B56: Jun | C56: 6-10 | D56: 21707 | F56: Gallup | G56: News Chron | H56: 45 | J56: 43.5 | L56: 11 | N56: =H56-J56 -> 1.5 | R56: 58 | S56: 24 | T56: =R56-S56 -> 34 | U56: 44 | V56: 24 | W56: =U56-V56 -> 20 | AA56: For Con: Are you satisified or dissatisfied with X as Y? For Lab: Do you think that X is or is not proving a good leader of Y? | AF56: 49 | AG56: 29 | AH56: =AF56-AG56 -> 20 | AI56: Do you approve or disapprove of the government's record to date?
B57: Jun | G57: DE | H57: 44.5 | J57: 39.5 | L57: 7.5 | N57: =H57-J57 -> 5 | P57: Fron newspaper advertisement in Guardian 26/6/59, likely to include DK
B58: Jul | C58: 4-7 | D58: 21735 | F58: Gallup | G58: News Chron | H58: 45.5 | I58: 0.5 | J58: 41.5 | K58: -2 | L58: 12.5 | M58: 1.5 | N58: =H58-J58 -> 4 | O58: 2.5
B59: Jul | C59: 17-22 | D59: 21748 | F59: Gallup | G59: News Chron | H59: 46 | I59: 0.5 | J59: 42 | K59: 0.5 | L59: 11 | M59: -1.5 | N59: =H59-J59 -> 4 | O59: 0
B60: Jul | C60: 23-27 | D60: 21753 | F60: Gallup | G60: News Chron | H60: 46.5 | I60: 0.5 | J60: 43 | K60: 1 | L60: 9.5 | M60: -1.5 | N60: =H60-J60 -> 3.5 | O60: -0.5 | R60: 62 | S60: 21 | T60: =R60-S60 -> 41 | U60: 42 | V60: 30 | W60: =U60-V60 -> 12 | AA60: For Con: Are you satisified or dissatisfied with X as Y? For Lab: Do you think that X is or is not proving a good leader of Y? | AF60: 53 | AG60: 24 | AH60: =AF60-AG60 -> 29 | AI60: Do you approve or disapprove of the government's record to date?
B61: Aug | C61: 7-12 | D61: 21769 | F61: Gallup | G61: News Chron | H61: 47.5 | I61: 1 | J61: 41.5 | K61: -1.5 | L61: 10 | M61: 0.5 | N61: =H61-J61 -> 6 | O61: 2.5 | R61: 67 | S61: 23 | T61: =R61-S61 -> 44 | U61: 46 | V61: 24 | W61: =U61-V61 -> 22 | AA61: For Con: Are you satisified or dissatisfied with X as Y? For Lab: Do you think that X is or is not proving a good leader of Y? | AF61: 56 | AG61: 28 | AH61: =AF61-AG61 -> 28 | AI61: Do you approve or disapprove of the government's record to date?
B62: Sep | D62: 21794 | E62: 4 | F62: NOP | G62: DM | H62: 51.2 | J62: 42.9 | L62: 5.9 | N62: =H62-J62 -> 8.3
B63: Sep | D63: 21796 | E63: 8 | F63: Gallup | G63: News Chron | H63: 48.3 | J63: 41.9 | L63: 9.3 | N63: =H63-J63 -> 6.4 | P63: Poll from Butler GE book, via Stephen Fisher, recalculated to exclude DK
B64: Sep | D64: 21802 | E64: 15 | G64: DE | H64: 50.8 | J64: 42.7 | L64: 5.9 | N64: =H64-J64 -> 8.1
B65: Sep | D65: 21803 | F65: Gallup | G65: News Chron | H65: 50.5 | I65: 3 | J65: 43.5 | K65: 2 | L65: 5.5 | M65: -4.5 | N65: =H65-J65 -> 7 | O65: 1
B66: Sep | D66: 21803 | E66: 17 | F66: Gallup | G66: News Chron | H66: 50.6 | J66: 43.9 | L66: 4.9 | N66: =H66-J66 -> 6.7 | P66: Poll from Butler GE book, via Stephen Fisher, recalculated to exclude DK
B67: Sep | C67: 11-15 | D67: 21804 | F67: Gallup | G67: News Chron | H67: 49 | I67: -1.5 | J67: 44.5 | K67: 1 | L67: 6 | M67: 0.5 | N67: =H67-J67 -> 4.5 | O67: -2.5
B68: Sep | D68: 21809 | E68: 21 | F68: NOP | G68: DM | H68: 47.4 | I68: =H68-H62 -> -3.8 | J68: 43.5 | K68: =J68-J62 -> 0.6 | L68: 9.1 | M68: =L68-L62 -> 3.2 | N68: =H68-J68 -> 3.9 | O68: =N68-N62 -> -4.4
B69: Sep | D69: 21810 | E69: 22 | G69: DE | H69: 51.1 | I69: =H69-H64 -> 0.3 | J69: 43 | K69: =J69-J64 -> 0.3 | L69: 5.4 | M69: =L69-L64 -> -0.5 | N69: =H69-J69 -> 8.1 | O69: -1
B70: Sep | D70: 21812 | E70: 24 | F70: Gallup | G70: News Chron | H70: 49.7 | J70: 44.8 | L70: 4.9 | N70: =H70-J70 -> 4.9 | P70: Poll from Butler GE book, via Stephen Fisher, recalculated to exclude DK
B71: Sep | C71: -28 | D71: 21816 | F71: NOP | G71: DM | H71: 47.8 | I71: =H71-H68 -> 0.4 | J71: 45.6 | K71: =J71-J68 -> 2.1 | L71: 5.6 | M71: =L71-L68 -> -3.5 | N71: =H71-J71 -> 2.2 | O71: =N71-N68 -> -1.7
B72: Sep | C72: 25-28 | D72: 21818 | F72: Gallup | G72: News Chron | H72: 46 | I72: -3 | J72: 46.5 | K72: 2 | L72: 7 | M72: 1 | N72: =H72-J72 -> -0.5 | O72: -5
B73: Sep | D73: 21820 | E73: 1 | F73: Gallup | G73: News Chron | H73: 48.5 | J73: 46.6 | L73: 4.3 | N73: =H73-J73 -> 1.9 | P73: Poll from Butler GE book, via Stephen Fisher, recalculated to exclude DK
B74: Sep | C74: 29 | D74: 21822 | G74: DE | H74: 49.5 | I74: =H74-H69 -> -1.6 | J74: 44.5 | K74: =J74-J69 -> 1.5 | L74: 5.5 | M74: =L74-L69 -> 0.1 | N74: =H74-J74 -> 5 | O74: -4
B75: Oct | C75: 29-2 | D75: 21822 | F75: Gallup | G75: News Chron | H75: 45 | I75: -1 | J75: 47 | K75: 0.5 | L75: 7.5 | M75: 0.5 | N75: =H75-J75 -> -2 | O75: -1.5
B76: Oct | D76: 21824 | E76: 5 | F76: Gallup | G76: News Chron | H76: 47.2 | J76: 47.2 | L76: 5 | N76: =H76-J76 -> 0 | P76: Poll from Butler GE book, via Stephen Fisher, recalculated to exclude DK
B77: Oct | C77: -5 | D77: 21824 | F77: NOP | G77: DM | H77: 48.4 | I77: =H77-H71 -> 0.6 | J77: 46.9 | K77: =J77-J71 -> 1.3 | L77: 4.7 | M77: =L77-L71 -> -0.9 | N77: =H77-J77 -> 1.5 | O77: =N77-N71 -> -0.7
B78: Oct | D78: 21824 | E78: 6 | G78: DE | H78: 49.7 | I78: =H78-H74 -> 0.2 | J78: 46.2 | K78: =J78-J74 -> 1.7 | L78: 3.5 | M78: =L78-L74 -> -2 | N78: =H78-J78 -> 3.5 | O78: 0
B79: Oct | C79: 1-4 | D79: 21824 | F79: Forecasting Statistics | G79: DT | H79: 49 | J79: 46 | L79: 5 | N79: 3
B80: Oct | C80: 3-6 | D80: 21826 | F80: Gallup | G80: News Chron | H80: 46.5 | I80: 1.5 | J80: 47.5 | K80: 0.5 | L80: 5.5 | M80: -2 | N80: =H80-J80 -> -1 | O80: 1
B81: Oct | C81: 3-6 | D81: 21826 | E81: 8 | F81: Gallup | G81: News Chron | H81: 48.5 | J81: 46.5 | L81: 4.5 | N81: 2
B82: Oct | C82: 2-5 | D82: 21825 | E82: 8 | F82: NOP | G82: DM | H82: 48 | I82: =H82-H77 -> -0.4 | J82: 44.1 | K82: =J82-J77 -> -2.8 | L82: 7.9 | M82: =L82-L77 -> 3.2 | N82: =H82-J82 -> 3.9 | O82: =N82-N77 -> 2.4 | R82: 66 | S82: 20 | T82: =R82-S82 -> 46 | AA82: Are you satisfied or dissatisfied with X as Y?
B83: Oct | D83: 21830 | E83: 8 | G83: DE | H83: 49.1 | I83: =H83-H78 -> -0.6 | J83: 45.4 | K83: =J83-J78 -> -0.8 | L83: 5 | M83: =L83-L78 -> 1.5 | N83: =H83-J83 -> 3.7 | O83: 0
E85: 8 | F85: Result | H85: 48.8 | J85: 44.6 | L85: 6 | N85: 4.2 | P85: Note: various poll figures rounded off to nearest half percent (?) - hence different figures from Hodder-Williams, p.25

Sheet 59-64
A1: Year | B1: Month | C1: Fieldwork | E1: Published | F1: Polling | G1: Publisher | H1: Con | J1: Lab | L1: LD | N1: Con lead | Q1: Leader: | R1: Con good | S1: Con bad | T1: Con net | U1: Lab good | V1: Lab bad | W1: Lab net | X1: LD good | Y1: LD bad | Z1: LD net | AA1: Question | AB1: Con Best PM | AC1: Lab Best PM | AD1: LD Best PM | AE1: Question | AF1: Govt good | AG1: Govt bad | AH1: Govt net | AI1: Question
A2: 1959 | B2: Oct | C2: 10-12 | D2: 21833 | F2: Gallup | G2: News Chron | H2: 48 | J2: 46 | L2: 5 | N2: =H2-J2 -> 2 | P2: Note: during this Parliament at least Gallup would publish figures that are the average of two consecutive weeks of polling. It appears that each week listed separately below. See Sunday Times 8/3/1964 for article by David Butler
B3: Nov | F3: Gallup | G3: News Chron | H3: 48 | I3: 0 | J3: 44 | K3: -2 | L3: 7 | M3: 2 | N3: =H3-J3 -> 4 | O3: 2
B4: Dec | F4: Gallup | G4: News Chron | H4: 47.5 | I4: -0.5 | J4: 44 | K4: 0 | L4: 7.5 | M4: 0.5 | N4: =H4-J4 -> 3.5 | O4: -0.5
A5: 1960 | B5: Jan | C5: 1-6 | D5: 21916 | F5: Gallup | G5: News Chron | H5: 47 | I5: -0.5 | J5: 43.5 | K5: -0.5 | L5: 8.5 | M5: 1 | N5: =H5-J5 -> 3.5 | O5: 0
B6: Jan | C6: 9-20 | D6: 21924 | F6: Gallup | G6: News Chron | H6: 47 | I6: 0 | J6: 42.5 | K6: -1 | L6: 9.5 | M6: 1 | N6: =H6-J6 -> 4.5 | O6: 1
B7: Feb | C7: 5-24 | D7: 21951 | F7: Gallup | G7: News Chron | H7: 47 | I7: 0 | J7: 43.5 | K7: 1 | L7: 9 | M7: -0.5 | N7: =H7-J7 -> 3.5 | O7: -1
B8: Mar | C8: 11-26 | D8: 21986 | F8: Gallup | G8: News Chron | H8: 47 | I8: 0 | J8: 42 | K8: -1.5 | L8: 10 | M8: 1 | N8: =H8-J8 -> 5 | O8: 1.5 | R8: 64 | S8: 19 | T8: =R8-S8 -> 45 | U8: 43 | V8: 23 | W8: =U8-V8 -> 20 | AA8: For Con: Are you satisified or dissatisfied with X as Y? For Lab: Do you think X is or is not proving a good leader of Y?
B9: Apr | C9: 6-27 | D9: 22012 | F9: Gallup | G9: News Chron | H9: 45 | I9: -2 | J9: 42.5 | K9: 0.5 | L9: 11.5 | M9: 1.5 | N9: =H9-J9 -> 2.5 | O9: -2.5 | R9: 57 | S9: 27 | T9: =R9-S9 -> 30 | U9: 40 | V9: 36 | W9: =U9-V9 -> 4 | AA9: For Con: Are you satisified or dissatisfied with X as Y? For Lab: Do you think X is or is not proving a good leader of Y?
B10: May | C10: 1-29 | D10: 22037 | F10: Gallup | G10: News Chron | H10: 45.5 | I10: 0.5 | J10: 42.5 | K10: 0 | L10: 11 | M10: -0.5 | N10: =H10-J10 -> 3 | O10: 0.5 | R10: 79 | S10: 16 | T10: =R10-S10 -> 63 | AA10: For Con: Are you satisified or dissatisfied with X as Y? For Lab: Do you think X is or is not proving a good leader of Y?
B11: Jun | C11: 3-29 | D11: 22070 | F11: Gallup | G11: News Chron | H11: 45.5 | I11: 0 | J11: 43 | K11: 0.5 | L11: 10.5 | M11: -0.5 | N11: =H11-J11 -> 2.5 | O11: -0.5 | R11: 70 | S11: 22 | T11: =R11-S11 -> 48 | U11: 56 | V11: 25 | W11: =U11-V11 -> 31 | AA11: For Con: Are you satisified or dissatisfied with X as Y? For Lab: Do you think X is or is not proving a good leader of Y?
B12: Jul | C12: 1-27 | D12: 22098 | F12: Gallup | G12: News Chron | H12: 47 | I12: 1.5 | J12: 43 | K12: 0 | L12: 9 | M12: -1.5 | N12: =H12-J12 -> 4 | O12: 1.5 | R12: 69 | S12: 18 | T12: =R12-S12 -> 51 | U12: 43 | V12: 34 | W12: =U12-V12 -> 9 | AA12: For Con: Are you satisified or dissatisfied with X as Y? For Lab: Do you think X is or is not proving a good leader of Y?
B13: Jul | D13: 22112 | F13: NOP | H13: 44.8 | J13: 34.2 | L13: 10 | N13: =H13-J13 -> 10.6
B14: Aug | C14: 25-5 | D14: 22153 | F14: Gallup | G14: News Chron | H14: 47.5 | I14: 0.5 | J14: 42 | K14: -1 | L14: 10 | M14: 1 | N14: =H14-J14 -> 5.5 | O14: 1.5 | R14: 65 | S14: 22 | T14: =R14-S14 -> 43 | U14: 43 | V14: 33 | W14: =U14-V14 -> 10 | AA14: For Con: Are you satisified or dissatisfied with X as Y? For Lab: Do you think X is or is not proving a good leader of Y?
B15: Sep | C15: 8-4 | D15: 22167 | F15: Gallup | G15: News Chron | H15: 47.5 | I15: 0 | J15: 40.5 | K15: -1.5 | L15: 11 | M15: 1 | N15: =H15-J15 -> 7 | O15: 1.5 | AF15: 59 | AG15: 24 | AH15: =AF15-AG15 -> 35 | AI15: Do you approve or disapprove of the government's record to date?
B16: Oct | C16: 20-2 | D16: 22209 | F16: Gallup | G16: News Chron | H16: 50 | I16: 2.5 | J16: 37 | K16: -3.5 | L16: 12.5 | M16: 1.5 | N16: =H16-J16 -> 13 | O16: 6 | R16: 74 | S16: 16 | T16: =R16-S16 -> 58 | U16: 43 | V16: 33 | W16: =U16-V16 -> 10 | AA16: For Con: Are you satisified or dissatisfied with X as Y? For Lab: Do you think X is or is not proving a good leader of Y? | AF16: 59 | AG16: 23 | AH16: =AF16-AG16 -> 36 | AI16: Do you approve or disapprove of the government's record to date?
B17: Nov | C17: 3-29 | D17: 22223 | F17: Gallup | H17: 46 | I17: -4 | J17: 40.5 | K17: 3.5 | L17: 13.5 | M17: 1 | N17: =H17-J17 -> 5.5 | O17: -7.5 | R17: 72 | S17: 14 | T17: =R17-S17 -> 58 | U17: 48 | V17: 27 | W17: =U17-V17 -> 21 | AA17: For Con: Are you satisified or dissatisfied with X as Y? For Lab: Do you think X is or is not proving a good leader of Y? | AF17: 59 | AG17: 20 | AH17: =AF17-AG17 -> 39 | AI17: Do you approve or disapprove of the government's record to date?
B18: Dec | F18: Gallup | H18: 47.5 | I18: 1.5 | J18: 37.5 | K18: -3 | L18: 14 | M18: 0.5 | N18: =H18-J18 -> 10 | O18: 4.5 | R18: 69 | S18: 19 | T18: =R18-S18 -> 50 | U18: 44 | V18: 32 | W18: =U18-V18 -> 12 | AA18: For Con: Are you satisified or dissatisfied with X as Y? For Lab: Do you think X is or is not proving a good leader of Y? | AF18: 56 | AG18: 23 | AH18: =AF18-AG18 -> 33 | AI18: Do you approve or disapprove of the government's record to date?
A19: 1961 | B19: Jan | F19: Gallup | G19: DT | H19: 45 | I19: -2.5 | J19: 41.5 | K19: 4 | L19: 12.5 | M19: -1.5 | N19: =H19-J19 -> 3.5 | O19: -6.5 | R19: 65 | S19: 23 | T19: =R19-S19 -> 42 | U19: 45 | V19: 31 | W19: =U19-V19 -> 14 | AA19: For Con: Are you satisified or dissatisfied with X as Y? For Lab: Do you think X is or is not proving a good leader of Y? | AF19: 48 | AG19: 32 | AH19: =AF19-AG19 -> 16 | AI19: Do you approve or disapprove of the government's record to date?
B20: Feb | F20: Gallup | G20: DT | H20: 44 | I20: -1 | J20: 42 | K20: 0.5 | L20: 13 | M20: 0.5 | N20: =H20-J20 -> 2 | O20: -1.5 | R20: 64 | S20: 26 | T20: =R20-S20 -> 38 | U20: 45 | V20: 32 | W20: =U20-V20 -> 13 | AA20: For Con: Are you satisified or dissatisfied with X as Y? For Lab: Do you think X is or is not proving a good leader of Y? | AF20: 48 | AG20: 32 | AH20: =AF20-AG20 -> 16 | AI20: Do you approve or disapprove of the government's record to date?
B21: Mar | C21: ?-6 | D21: 22341 | F21: NOP | U21: 63.6 | V21: 29.1 | W21: =U21-V21 -> 34.5 | AA21: Are you satisfied or dissatisfied with X as Y?
B22: Mar | C22: 3-8 | D22: 22343 | F22: Gallup | G22: DT | H22: 42 | I22: -2 | J22: 42 | K22: 0 | L22: 15 | M22: 2 | N22: =H22-J22 -> 0 | O22: -2 | P22: Not in the usual Gallup sources but from the team who digitised Gallup poll records - https://x.com/_johnkenny/status/1613304350343938050
B23: Mar | F23: Gallup | G23: DT | H23: 44 | I23: 2 | J23: 40 | K23: -2 | L23: 15 | M23: 0 | N23: =H23-J23 -> 4 | O23: 4 | P23: The Telegraph, Monday, Mar. 27, 1961, reports two Gallup polls in the month, neither with these figures and not averaging to this either. But these are the figures from Gallup, Public Opinion Polls, Vol1 (which probably averages different polls from the same month) | R23: 63 | S23: 27 | T23: =R23-S23 -> 36 | U23: 45 | V23: 37 | W23: =U23-V23 -> 8 | AA23: For Con: Are you satisified or dissatisfied with X as Y? For Lab: Do you think X is or is not proving a good leader of Y? | AF23: 51 | AG23: 30 | AH23: =AF23-AG23 -> 21 | AI23: Do you approve or disapprove of the government's record to date?
B24: Apr | C24: 21-26 | D24: 22392 | F24: Gallup | G24: DT | H24: 43.5 | I24: -0.5 | J24: 40.5 | K24: 0.5 | L24: 15 | M24: 0 | N24: =H24-J24 -> 3 | O24: -1 | R24: 64 | S24: 23 | T24: =R24-S24 -> 41 | U24: 43 | V24: 34 | W24: =U24-V24 -> 9 | AA24: For Con: Are you satisified or dissatisfied with X as Y? For Lab: Do you think X is or is not proving a good leader of Y? | AF24: 50 | AG24: 30 | AH24: =AF24-AG24 -> 20 | AI24: Do you approve or disapprove of the government's record to date?
B25: Apr | C25: 28-9 | D25: 22399 | E25: 31 | F25: Gallup | G25: DT | H25: 44.5 | I25: 1 | J25: 40.5 | K25: 0 | L25: 14 | M25: -1 | N25: =H25-J25 -> 4 | O25: 1 | R25: 58 | S25: 28 | T25: =R25-S25 -> 30 | U25: 45 | V25: 31 | W25: =U25-V25 -> 14 | AA25: For Con: Are you satisified or dissatisfied with X as Y? For Lab: Do you think X is or is not proving a good leader of Y? | AF25: 49 | AG25: 33 | AH25: =AF25-AG25 -> 16 | AI25: Do you approve or disapprove of the government's record to date?
B26: Jun | C26: ?-23 | D26: 22449 | F26: NOP | U26: 45.9 | V26: 29.7 | W26: =U26-V26 -> 16.2 | AA26: Are you satisfied or dissatisfied with X as Y?
B27: Jun | C27: 30-7 | D27: 22462 | E27: 26 | F27: Gallup | G27: DT | H27: 43.5 | I27: -1 | J27: 40 | K27: -0.5 | L27: 15 | M27: 1 | N27: =H27-J27 -> 3.5 | O27: -0.5 | R27: 58 | S27: 29 | T27: =R27-S27 -> 29 | U27: 45 | V27: 33 | W27: =U27-V27 -> 12 | AA27: For Con: Are you satisified or dissatisfied with X as Y? For Lab: Do you think X is or is not proving a good leader of Y? | AF27: 52 | AG27: 29 | AH27: =AF27-AG27 -> 23 | AI27: Do you approve or disapprove of the government's record to date?
B28: Jul | C28: 29-5 | D28: 22491 | F28: Gallup | G28: DT | H28: 44 | I28: 0.5 | J28: 41.5 | K28: 1.5 | L28: 14 | M28: -1 | N28: =H28-J28 -> 2.5 | O28: -1 | R28: 54 | S28: 33 | T28: =R28-S28 -> 21 | U28: 51 | V28: 30 | W28: =U28-V28 -> 21 | AA28: For Con: Are you satisified or dissatisfied with X as Y? For Lab: Do you think X is or is not proving a good leader of Y? | AF28: 49 | AG28: 36 | AH28: =AF28-AG28 -> 13 | AI28: Do you approve or disapprove of the government's record to date?
B29: Aug | C29: 2-9 | D29: 22495 | F29: Gallup | G29: DT | H29: 38 | I29: -6 | J29: 43 | K29: 1.5 | L29: 17 | M29: 3 | N29: =H29-J29 -> -5 | O29: -7.5 | R29: 45 | S29: 42 | T29: =R29-S29 -> 3 | U29: 47 | V29: 28 | W29: =U29-V29 -> 19 | AA29: For Con: Are you satisified or dissatisfied with X as Y? For Lab: Do you think X is or is not proving a good leader of Y? | AF29: 38 | AG29: 44 | AH29: =AF29-AG29 -> -6 | AI29: Do you approve or disapprove of the government's record to date?
B30: Aug | C30: ?-18 | D30: 22505 | F30: NOP | U30: 44.8 | V30: 31.6 | W30: =U30-V30 -> 13.2 | AA30: Are you satisfied or dissatisfied with X as Y?
B31: Aug | C31: 30-4 | D31: 22523 | F31: Gallup | G31: DT | H31: 40 | I31: 2 | J31: 45.5 | K31: 2.5 | L31: 13.5 | M31: -3.5 | N31: =H31-J31 -> -5.5 | O31: -0.5 | R31: 43 | S31: 44 | T31: =R31-S31 -> -1 | U31: 46 | V31: 27 | W31: =U31-V31 -> 19 | AA31: For Con: Are you satisified or dissatisfied with X as Y? For Lab: Do you think X is or is not proving a good leader of Y? | AF31: 39 | AG31: 43 | AH31: =AF31-AG31 -> -4 | AI31: Do you approve or disapprove of the government's record to date?
B32: Sep | C32: 24-2 | D32: 22548 | F32: Gallup | G32: DT | H32: 42.5 | I32: 2.5 | J32: 45 | K32: -0.5 | L32: 12 | M32: -1.5 | N32: =H32-J32 -> -2.5 | O32: 3
B33: Oct | C33: 12-16 | D33: 22566 | F33: Gallup | G33: DT | H33: 43.5 | I33: 1 | J33: 43.5 | K33: -1.5 | L33: 12 | M33: 0 | N33: =H33-J33 -> 0 | O33: 2.5 | R33: 55 | S33: 33 | T33: =R33-S33 -> 22 | U33: 57 | V33: 26 | W33: =U33-V33 -> 31 | AA33: For Con: Are you satisified or dissatisfied with X as Y? For Lab: Do you think X is or is not proving a good leader of Y? | AF33: 47 | AG33: 36 | AH33: =AF33-AG33 -> 11 | AI33: Do you approve or disapprove of the government's record to date?
B34: Nov | C34: ?-6 | D34: 22586 | F34: NOP | H34: 40 | I34: =H34-H13 -> -4.8 | J34: 32.7 | K34: =J34-J13 -> -1.5 | L34: 17.3 | M34: =L34-L13 -> 7.3 | N34: =H34-J34 -> 7.3 | O34: =N34-N13 -> -3.3 | R34: 52.9 | S34: 34 | T34: =R34-S34 -> 18.9 | U34: 51.2 | V34: 28.1 | W34: =U34-V34 -> 23.1 | AA34: Are you satisfied or dissatisfied with X as Y?
B35: Nov | C35: 2-7 | D35: 22587 | F35: Gallup | G35: DT | H35: 41.5 | I35: -2 | J35: 43 | K35: -0.5 | L35: 14.5 | M35: 2.5 | N35: =H35-J35 -> -1.5 | O35: -1.5 | R35: 54 | S35: 34 | T35: =R35-S35 -> 20 | U35: 52 | V35: 30 | W35: =U35-V35 -> 22 | AA35: For Con: Are you satisified or dissatisfied with X as Y? For Lab: Do you think X is or is not proving a good leader of Y? | AF35: 43 | AG35: 38 | AH35: =AF35-AG35 -> 5 | AI35: Do you approve or disapprove of the government's record to date?
B36: Nov | C36: 9-14 | D36: 22594 | F36: Gallup | G36: DT | H36: 39 | I36: -2.5 | J36: 40 | K36: -3 | L36: 20 | M36: 5.5 | N36: =H36-J36 -> -1 | O36: 0.5
B37: Nov | C37: ?-27 | D37: 22606 | F37: NOP | H37: 34.1 | I37: =H37-H34 -> -5.9 | J37: 33.6 | K37: =J37-J34 -> 0.9 | L37: 19.9 | M37: =L37-L34 -> 2.6 | N37: =H37-J37 -> 0.5 | O37: =N37-N34 -> -6.8 | R37: 54.5 | S37: 32.9 | T37: =R37-S37 -> 21.6 | U37: 50.8 | V37: 30.8 | W37: =U37-V37 -> 20 | AA37: Are you satisfied or dissatisfied with X as Y?
B38: Nov | C38: 30-6 | D38: 22615 | F38: Gallup | G38: DT | H38: 38.5 | I38: -0.5 | J38: 43 | K38: 3 | L38: 17.5 | M38: -2.5 | N38: =H38-J38 -> -4.5 | O38: -3.5
B39: Dec | C39: ?-15 | D39: 22624 | F39: NOP | H39: 35.2 | I39: =H39-H37 -> 1.1 | J39: 32 | K39: =J39-J37 -> -1.6 | L39: 19.5 | M39: =L39-L37 -> -0.4 | N39: =H39-J39 -> 3.2 | O39: =N39-N37 -> 2.7 | R39: 50.1 | S39: 38.3 | T39: =R39-S39 -> 11.8 | U39: 47.6 | V39: 31 | W39: =U39-V39 -> 16.6 | AA39: Are you satisfied or dissatisfied with X as Y?
A40: 1962 | B40: Jan | C40: ?-8 | D40: 22648 | F40: NOP | H40: 35.4 | I40: =H40-H39 -> 0.2 | J40: 34 | K40: =J40-J39 -> 2 | L40: 19.8 | M40: =L40-L39 -> 0.3 | N40: =H40-J40 -> 1.4 | O40: =N40-N39 -> -1.8 | R40: 52.3 | S40: 35.2 | T40: =R40-S40 -> 17.1 | U40: 48.4 | V40: 30.2 | W40: =U40-V40 -> 18.2 | AA40: Are you satisfied or dissatisfied with X as Y?
B41: Jan | C41: 5-14 | D41: 22651 | F41: Gallup | G41: DT | H41: 42 | I41: 3.5 | J41: 42 | K41: -1 | L41: 15 | M41: -2.5 | N41: =H41-J41 -> 0 | O41: 4.5 | R41: 53 | S41: 36 | T41: =R41-S41 -> 17 | U41: 50 | V41: 27 | W41: =U41-V41 -> 23 | AA41: For Con: Are you satisified or dissatisfied with X as Y? For Lab: Do you think X is or is not proving a good leader of Y? | AF41: 43 | AG41: 39 | AH41: =AF41-AG41 -> 4 | AI41: Do you approve or disapprove of the government's record to date?
B42: Feb | C42: 2-9 | D42: 22679 | F42: Gallup | G42: DT | H42: 40 | I42: -2 | J42: 42.5 | K42: 0.5 | L42: 17 | M42: 2 | N42: =H42-J42 -> -2.5 | O42: -2.5 | R42: 48
B43: Feb | C43: ?-12 | D43: 22683 | F43: NOP | H43: 36.2 | I43: =H43-H40 -> 0.8 | J43: 36.6 | K43: =J43-J40 -> 2.6 | L43: 18.8 | M43: =L43-L40 -> -1 | N43: =H43-J43 -> -0.4 | O43: =N43-N40 -> -1.8 | R43: 50.8 | S43: 38.6 | T43: =R43-S43 -> 12.2 | U43: 47.2 | V43: 33 | W43: =U43-V43 -> 14.2 | AA43: Are you satisfied or dissatisfied with X as Y?
B44: Mar | C44: 1-7 | D44: 22706 | F44: Gallup | G44: DT | H44: 39.5 | I44: -0.5 | J44: 44 | K44: 1.5 | L44: 16 | M44: -1 | N44: =H44-J44 -> -4.5 | O44: -2 | R44: 50 | S44: 37 | T44: =R44-S44 -> 13 | U44: 50 | V44: 27 | W44: =U44-V44 -> 23 | AA44: For Con: Are you satisified or dissatisfied with X as Y? For Lab: Do you think X is or is not proving a good leader of Y? | AF44: 41 | AG44: 40 | AH44: =AF44-AG44 -> 1 | AI44: Do you approve or disapprove of the government's record to date?
B45: Mar | C45: ?-12 | D45: 22711 | F45: NOP | H45: 37.9 | I45: =H45-H43 -> 1.7 | J45: 36.3 | K45: =J45-J43 -> -0.3 | L45: 18.1 | M45: =L45-L43 -> -0.7 | N45: =H45-J45 -> 1.6 | O45: =N45-N43 -> 2 | R45: 53 | S45: 38.9 | T45: =R45-S45 -> 14.1 | U45: 52.4 | V45: 31 | W45: =U45-V45 -> 21.4 | AA45: Are you satisfied or dissatisfied with X as Y?
B46: Mar | C46: 14-21 | D46: 22719 | F46: Gallup | G46: DT | H46: 33 | I46: -6.5 | J46: 40 | K46: -4 | L46: 26 | M46: 10 | N46: =H46-J46 -> -7 | O46: -2.5
B47: Mar | C47: ?-21 | D47: 22720 | F47: NOP | H47: 27.4 | I47: =H47-H45 -> -10.5 | J47: 30.5 | K47: =J47-J45 -> -5.8 | L47: 35.2 | M47: =L47-L45 -> 17.1 | N47: =H47-J47 -> -3.1 | O47: =N47-N45 -> -4.7 | R47: 43.8 | S47: 43.9 | T47: =R47-S47 -> -0.1 | U47: 47.3 | V47: 37.8 | W47: =U47-V47 -> 9.5 | AA47: Are you satisfied or dissatisfied with X as Y?
B48: Mar | C48: ?-28 | D48: 22727 | F48: NOP | H48: 29.2 | I48: =H48-H47 -> 1.8 | J48: 29.9 | K48: =J48-J47 -> -0.6 | L48: 30 | M48: =L48-L47 -> -5.2 | N48: =H48-J48 -> -0.7 | O48: =N48-N47 -> 2.4 | R48: 45.9 | S48: 45.7 | T48: =R48-S48 -> 0.2 | U48: 46.8 | V48: 38.4 | W48: =U48-V48 -> 8.4
B49: Apr | C49: 7-16 | D49: 22743 | F49: Gallup | G49: DT | H49: 33 | I49: 0 | J49: 41 | K49: 1 | L49: 25 | M49: -1 | N49: =H49-J49 -> -8 | O49: -1 | R49: 46 | S49: 43 | T49: =R49-S49 -> 3 | U49: 48 | V49: 30 | W49: =U49-V49 -> 18 | AA49: For Con: Are you satisified or dissatisfied with X as Y? For Lab: Do you think X is or is not proving a good leader of Y? | AF49: 37 | AG49: 47 | AH49: =AF49-AG49 -> -10 | AI49: Do you approve or disapprove of the government's record to date?
B50: Apr | C50: 18-27 | D50: 22754 | F50: Gallup | G50: DT | H50: 33.5 | I50: 0.5 | J50: 40 | K50: -1 | L50: 26 | M50: 1 | N50: =H50-J50 -> -6.5 | O50: 1.5
B51: Apr | F51: NOP | H51: 33.2 | I51: =H51-H47 -> 5.8 | J51: 39.9 | K51: =J51-J47 -> 9.4 | L51: 26.3 | N51: =H51-J51 -> -6.7 | O51: -10.4 | R51: 45.3 | S51: 44.1 | T51: =R51-S51 -> 1.2 | AA51: Are you satisfied or dissatisfied with X as Y?
B52: May | C52: 3-9 | D52: 22769 | F52: Gallup | G52: DT | H52: 34.5 | I52: 1 | J52: 39.5 | K52: -0.5 | L52: 25.5 | M52: -0.5 | N52: =H52-J52 -> -5 | O52: 1.5 | R52: 47 | S52: 43 | T52: =R52-S52 -> 4 | U52: 48 | V52: 29 | W52: =U52-V52 -> 19 | AA52: For Con: Are you satisified or dissatisfied with X as Y? For Lab: Do you think X is or is not proving a good leader of Y? | AF52: 38 | AG52: 44 | AH52: =AF52-AG52 -> -6 | AI52: Do you approve or disapprove of the government's record to date?
B53: May | F53: NOP | AF53: 33 | AG53: 59.6 | AH53: =AF53-AG53 -> -26.6 | AI53: In general, are you satisfied or dissatisfied with the way the Government is running the country?
B54: Jun | C54: 1-6 | D54: 22798 | F54: Gallup | G54: DT | H54: 35.5 | I54: 1 | J54: 39 | K54: -0.5 | L54: 25 | M54: -0.5 | N54: =H54-J54 -> -3.5 | O54: 1.5 | R54: 46
B55: Jun | C55: 29-4 | D55: 22826 | F55: Gallup | G55: DT | H55: 35.5 | I55: 0 | J55: 41.5 | K55: 2.5 | L55: 22 | M55: -3 | N55: =H55-J55 -> -6 | O55: -2.5
B56: Jun | F56: NOP | H56: 31.2 | I56: -2 | J56: 43.1 | K56: 3.2 | L56: 24.9 | M56: -1.4 | N56: =H56-J56 -> -11.9 | O56: -5.2
B57: Jul | C57: 6-11 | D57: 22833 | F57: Gallup | G57: DT | H57: 37.5 | I57: 2 | J57: 39.5 | K57: -2 | L57: 22 | M57: 0 | N57: =H57-J57 -> -2 | O57: 4 | R57: 47 | S57: 39 | T57: =R57-S57 -> 8 | U57: 47 | V57: 30 | W57: =U57-V57 -> 17 | X57: 65 | Y57: 5 | Z57: =X57-Y57 -> 60 | AA57: For Con: Are you satisified or dissatisfied with X as Y? For Lab: Do you think X is or is not proving a good leader of Y? For Lib: Do you think that X is or is not doing a good job as leader of Y? | AF57: 41 | AG57: 44 | AH57: =AF57-AG57 -> -3 | AI57: Do you approve or disapprove of the government's record to date?
B58: Jul | C58: 20-25 | D58: 22847 | F58: Gallup | G58: DT | H58: 36 | I58: -1.5 | J58: 40.5 | K58: 1 | L58: 22.5 | M58: 0.5 | N58: =H58-J58 -> -4.5 | O58: -2.5
B59: Aug | C59: 3-10 | D59: 22861 | F59: Gallup | G59: DT | H59: 34 | I59: -2 | J59: 43 | K59: 2.5 | L59: 22 | M59: -0.5 | N59: =H59-J59 -> -9 | O59: -4.5 | R59: 42 | S59: 48 | T59: =R59-S59 -> -6 | U59: 47 | V59: 33 | W59: =U59-V59 -> 14 | AA59: For Con: Are you satisified or dissatisfied with X as Y? For Lab: Do you think X is or is not proving a good leader of Y? | AF59: 37 | AG59: 51 | AH59: =AF59-AG59 -> -14 | AI59: Do you approve or disapprove of the government's record to date?
B60: Aug | F60: NOP | R60: 42.5 | S60: 54.5 | T60: =R60-S60 -> -12 | AA60: Are you satisfied or dissatisfied with X as Y?
B61: Sep | C61: 12-19 | D61: 22901 | F61: Gallup | G61: DT | H61: 34 | I61: 0 | J61: 45 | K61: 2 | L61: 20 | M61: -2 | N61: =H61-J61 -> -11 | O61: -2 | R61: 42 | S61: 50 | T61: =R61-S61 -> -8 | U61: 51 | V61: 30 | W61: =U61-V61 -> 21 | AA61: For Con: Are you satisified or dissatisfied with X as Y? For Lab: Do you think X is or is not proving a good leader of Y? | AF61: 38 | AG61: 46 | AH61: =AF61-AG61 -> -8 | AI61: Do you approve or disapprove of the government's record to date?
B62: Sep | C62: 20-26 | D62: 22909 | F62: Gallup | G62: DT | H62: 36.5 | I62: 2.5 | J62: 45 | K62: 0 | L62: 17.5 | M62: -2.5 | N62: =H62-J62 -> -8.5 | O62: 2.5
B63: Sep | F63: NOP | H63: 36.1 | I63: 4.9 | J63: 40.3 | K63: -2.8 | L63: 23.4 | M63: -1.5 | N63: =H63-J63 -> -4.2 | O63: 7.7 | R63: 44.8 | S63: 53.2 | T63: =R63-S63 -> -8.4 | AA63: Are you satisfied or dissatisfied with X as Y? | AF63: 38.9 | AG63: 59 | AH63: =AF63-AG63 -> -20.1 | AI63: In general, are you satisfied or dissatisfied with the way the Government is running the country?
B64: Oct | C64: 5-13 | D64: 22924 | F64: Gallup | G64: DT | H64: 34.5 | I64: -2 | J64: 43.5 | K64: -1.5 | L64: 20 | M64: 2.5 | N64: =H64-J64 -> -9 | O64: -0.5 | R64: 43 | S64: 43 | T64: =R64-S64 -> 0 | U64: 54 | V64: 26 | W64: =U64-V64 -> 28 | AA64: For Con: Are you satisified or dissatisfied with X as Y? For Lab: Do you think X is or is not proving a good leader of Y? | AF64: 36 | AG64: 45 | AH64: =AF64-AG64 -> -9 | AI64: Do you approve or disapprove of the government's record to date?
B65: Oct | C65: 12-20 | D65: 22931 | F65: Gallup | G65: DT | H65: 40 | I65: 5.5 | J65: 41.5 | K65: -2 | L65: 17 | M65: -3 | N65: =H65-J65 -> -1.5 | O65: 7.5
B66: Oct | F66: NOP | R66: 50.1 | S66: 48.2 | T66: =R66-S66 -> 1.9 | AA66: Are you satisfied or dissatisfied with X as Y? | AF66: 39.3 | AG66: 58.1 | AH66: =AF66-AG66 -> -18.8 | AI66: In general, are you satisfied or dissatisfied with the way the Government is running the country?
B67: Nov | C67: 2-9 | D67: 22952 | F67: Gallup | G67: DT | H67: 39 | I67: -1 | J67: 47 | K67: 5.5 | L67: 13 | M67: -4 | N67: =H67-J67 -> -8 | O67: -6.5 | R67: 47 | S67: 45 | T67: =R67-S67 -> 2 | U67: 51 | V67: 30 | W67: =U67-V67 -> 21 | AA67: For Con: Are you satisified or dissatisfied with X as Y? For Lab: Do you think X is or is not proving a good leader of Y? | AF67: 41 | AG67: 40 | AH67: =AF67-AG67 -> 1 | AI67: Do you approve or disapprove of the government's record to date?
B68: Nov | C68: 9-16 | D68: 22959 | F68: Gallup | G68: DT | H68: 36 | I68: -3 | J68: 42.5 | K68: -4.5 | L68: 20 | M68: 7 | N68: =H68-J68 -> -6.5 | O68: 1.5
B69: Nov | C69: 16-24 | D69: 22966 | F69: Gallup | G69: DT | H69: 34.5 | I69: -1.5 | J69: 44.5 | K69: 2 | L69: 20.5 | M69: 0.5 | N69: =H69-J69 -> -10 | O69: -3.5
B70: Nov | F70: NOP | R70: 54.7 | S70: 42.7 | T70: =R70-S70 -> 12 | AA70: Are you satisfied or dissatisfied with X as Y? | AF70: 44.1 | AG70: 53.1 | AH70: =AF70-AG70 -> -9 | AI70: In general, are you satisfied or dissatisfied with the way the Government is running the country?
B71: Dec | C71: 4-21 | D71: 22984 | F71: Gallup | G71: DT | H71: 37 | I71: 2.5 | J71: 46 | K71: 1.5 | L71: 16 | M71: -4.5 | N71: =H71-J71 -> -9 | O71: 1 | R71: 41 | S71: 45 | T71: =R71-S71 -> -4 | U71: 52 | V71: 27 | W71: =U71-V71 -> 25 | AA71: For Con: Are you satisified or dissatisfied with X as Y? For Lab: Do you think X is or is not proving a good leader of Y? | AF71: 36 | AG71: 43 | AH71: =AF71-AG71 -> -7 | AI71: Do you approve or disapprove of the government's record to date?
B72: Dec | F72: NOP | H72: 36.2 | I72: 0.1 | J72: 44.2 | K72: 3.9 | L72: 19.3 | M72: -4.1 | N72: =H72-J72 -> -8 | O72: -3.8 | R72: 47.9 | S72: 50.7 | T72: =R72-S72 -> -2.8 | AA72: Are you satisfied or dissatisfied with X as Y? | AF72: 34.7 | AG72: 63.5 | AH72: =AF72-AG72 -> -28.8 | AI72: In general, are you satisfied or dissatisfied with the way the Government is running the country?
A73: 1963 | B73: Jan | C73: 11-18 | D73: 23022 | F73: Gallup | G73: DT | H73: 35 | I73: -2 | J73: 48 | K73: 2 | L73: 16.5 | M73: 0.5 | N73: =H73-J73 -> -13 | O73: -4 | R73: 42 | S73: 45 | T73: =R73-S73 -> -3 | U73: 48 | V73: 30 | W73: =U73-V73 -> 18 | AA73: For Con: Are you satisified or dissatisfied with X as Y? For Lab: Do you think X is or is not proving a good leader of Y? | AF73: 34 | AG73: 50 | AH73: =AF73-AG73 -> -16 | AI73: Do you approve or disapprove of the government's record to date?
B74: Jan | F74: NOP | H74: 37.7 | I74: 1.5 | J74: 44.3 | K74: 0.1 | L74: 17.4 | M74: -1.9 | N74: =H74-J74 -> -6.6 | O74: 1.4 | R74: 50.7 | S74: 46.7 | T74: =R74-S74 -> 4 | AA74: Are you satisfied or dissatisfied with X as Y? | AF74: 38.4 | AG74: 59.5 | AH74: =AF74-AG74 -> -21.1 | AI74: In general, are you satisfied or dissatisfied with the way the Government is running the country?
B75: Feb | C75: 1-5 | D75: 23043 | F75: Gallup | G75: DT | H75: 32.5 | I75: -2.5 | J75: 48 | K75: 0 | L75: 18.5 | M75: 2 | N75: =H75-J75 -> -15.5 | O75: -2.5 | R75: 40
B76: Feb | F76: NOP | H76: 34.1 | I76: -3.6 | J76: 48.7 | K76: 4.4 | L76: 16.9 | M76: -0.5 | N76: =H76-J76 -> -14.6 | O76: -8 | R76: 43.8 | S76: 54.1 | T76: =R76-S76 -> -10.3 | AA76: Are you satisfied or dissatisfied with X as Y? | AF76: 35 | AG76: 62.2 | AH76: =AF76-AG76 -> -27.2 | AI76: In general, are you satisfied or dissatisfied with the way the Government is running the country?
B77: Mar | C77: 1-12 | D77: 23071 | F77: Gallup | G77: DT | H77: 33.5 | I77: 1 | J77: 50 | K77: 2 | L77: 15.5 | M77: -3 | N77: =H77-J77 -> -16.5 | O77: -1 | R77: 35 | S77: 53 | T77: =R77-S77 -> -18 | U77: 44 | V77: 13 | W77: =U77-V77 -> 31 | AA77: For Con: Are you satisified or dissatisfied with X as Y? For Lab: Do you think X is or is not proving a good leader of Y? | AF77: 30 | AG77: 52 | AH77: =AF77-AG77 -> -22 | AI77: Do you approve or disapprove of the government's record to date?
B78: Mar | F78: NOP | H78: 34.4 | I78: 0.3 | J78: 48.3 | K78: -0.4 | L78: 16.6 | M78: -0.3 | N78: =H78-J78 -> -13.9 | O78: 0.7 | R78: 43 | S78: 54.1 | T78: =R78-S78 -> -11.1 | AA78: Are you satisfied or dissatisfied with X as Y? | AF78: 30.1 | AG78: 67.4 | AH78: =AF78-AG78 -> -37.3 | AI78: In general, are you satisfied or dissatisfied with the way the Government is running the country?
B79: Mar | C79: 29-10 | D79: 23099 | F79: Gallup | G79: DT | H79: 34 | I79: 0.5 | J79: 49.5 | K79: -0.5 | L79: 16 | M79: 0.5 | N79: =H79-J79 -> -15.5 | O79: 1 | R79: 35 | S79: 54 | T79: =R79-S79 -> -19 | U79: 52 | V79: 15 | W79: =U79-V79 -> 37 | AA79: For Con: Are you satisified or dissatisfied with X as Y? For Lab: Do you think X is or is not proving a good leader of Y? | AF79: 33 | AG79: 50 | AH79: =AF79-AG79 -> -17 | AI79: Do you approve or disapprove of the government's record to date?
B80: Apr | C80: 8-9 | D80: 23109 | F80: NOP | G80: DM | H80: 36.1 | I80: 1.7 | J80: 48.7 | K80: 0.4 | L80: 14.7 | M80: -1.9 | N80: =H80-J80 -> -12.6 | O80: 1.3 | R80: 39.4 | S80: 56.1 | T80: =R80-S80 -> -16.7 | AA80: Are you satisfied or dissatisfied with X as Y? | AF80: 33.4 | AG80: 62.4 | AH80: =AF80-AG80 -> -29 | AI80: In general, are you satisfied or dissatisfied with the way the Government is running the country?
B81: May | F81: NOP | H81: 37.8 | I81: 1.7 | J81: 46.4 | K81: -2.3 | L81: 15.4 | M81: 0.7 | N81: =H81-J81 -> -8.6 | O81: 4 | R81: 47.6 | S81: 47.9 | T81: =R81-S81 -> -0.3 | AA81: Are you satisfied or dissatisfied with X as Y? | AF81: 39.4 | AG81: 56.1 | AH81: =AF81-AG81 -> -16.7 | AI81: In general, are you satisfied or dissatisfied with the way the Government is running the country?
B82: May | C82: 10-17 | D82: 23141 | F82: Gallup | G82: DT | H82: 36 | I82: 2 | J82: 47 | K82: -2.5 | L82: 16 | M82: 0 | N82: =H82-J82 -> -11 | O82: 4.5 | R82: 41 | S82: 49 | T82: =R82-S82 -> -8 | U82: 53 | V82: 13 | W82: =U82-V82 -> 40 | AA82: For Con: Are you satisified or dissatisfied with X as Y? For Lab: Do you think X is or is not proving a good leader of Y? | AF82: 38 | AG82: 45 | AH82: =AF82-AG82 -> -7 | AI82: Do you approve or disapprove of the government's record to date?
B83: May | E83: 1 | F83: Gallup | G83: DT | N83: -18.5 | O83: -7.5
B84: Jun | C84: -4 | D84: 23164 | E84: 10 | F84: NOP | G84: DM | H84: 34.6 | I84: -3.2 | J84: 51.3 | K84: 4.9 | L84: 13.9 | M84: -1.5 | N84: =H84-J84 -> -16.7 | O84: -8.1 | R84: 45.7 | S84: 49.1 | T84: =R84-S84 -> -3.4 | AA84: Are you satisfied or dissatisfied with X as Y? | AF84: 38 | AG84: 57.1 | AH84: =AF84-AG84 -> -19.1 | AI84: In general, are you satisfied or dissatisfied with the way the Government is running the country?
B85: Jun | E85: 12 | G85: DE | N85: -14.5
B86: Jun | C86: 7-14 | D86: 23169 | E86: 17 | F86: Gallup | G86: DT | H86: 31 | J86: 51.5 | L86: 16.5 | N86: =H86-J86 -> -20.5 | O86: -2 | R86: 35 | S86: 52 | T86: =R86-S86 -> -17 | U86: 54 | V86: 13 | W86: =U86-V86 -> 41 | AA86: For Con: Are you satisified or dissatisfied with X as Y? For Lab: Do you think X is or is not proving a good leader of Y? | AF86: 31 | AG86: 51 | AH86: =AF86-AG86 -> -20 | AI86: Do you approve or disapprove of the government's record to date?
B87: Jun | C87: -14 | D87: 23174 | E87: 17 | F87: NOP | G87: DM | H87: 33.5 | I87: -1.1 | J87: 52.2 | K87: 0.9 | L87: 14.1 | M87: 0.2 | N87: =H87-J87 -> -18.7 | O87: -2 | R87: 42.7 | S87: 53.3 | T87: =R87-S87 -> -10.6 | AA87: Are you satisfied or dissatisfied with X as Y? | AF87: 36.7 | AG87: 59 | AH87: =AF87-AG87 -> -22.3 | AI87: In general, are you satisfied or dissatisfied with the way the Government is running the country?
B88: Jun | C88: 22-26 | D88: 23184 | E88: 28 | F88: Gallup | G88: DT | H88: 36 | I88: 5 | J88: 50 | K88: -1.5 | L88: 13 | M88: -3.5 | N88: =H88-J88 -> -14 | O88: 6.5
B89: Jun | C89: 28-2 | D89: 23190 | E89: 15 | F89: Gallup | G89: DT | H89: 34.5 | I89: -1.5 | J89: 51.5 | K89: 1.5 | L89: 13 | M89: 0 | N89: =H89-J89 -> -17 | O89: -3
B90: Jul | E90: 3 | G90: DE | N90: -9 | O90: 5.5
B91: Jul | E91: 10 | G91: DE | N91: -5.5 | O91: 3.5
B92: Jul | C92: 5-10 | D92: 23197 | E92: 19 | F92: Gallup | G92: DT | H92: 34 | I92: -0.5 | J92: 52 | K92: 0.5 | L92: 13 | M92: 0 | N92: =H92-J92 -> -18 | O92: -1 | R92: 37 | S92: 52 | T92: =R92-S92 -> -15 | U92: 57 | V92: 16 | W92: =U92-V92 -> 41 | AA92: For Con: Are you satisified or dissatisfied with X as Y? For Lab: Do you think X is or is not proving a good leader of Y? | AF92: 32 | AG92: 53 | AH92: =AF92-AG92 -> -21 | AI92: Do you approve or disapprove of the government's record to date?
B93: Jul | C93: 18-23 | D93: 23210 | E93: 26 | F93: Gallup | G93: DT | H93: 32 | I93: -2 | J93: 52 | K93: 0 | L93: 15 | M93: 2 | N93: =H93-J93 -> -20 | O93: -2
B94: Jul | C94: 20-22 | D94: 23212 | E94: 25 | F94: NOP | G94: DM | H94: 39.3 | I94: 5.8 | J94: 47.6 | K94: -4.6 | L94: 12.7 | M94: -1.4 | N94: =H94-J94 -> -8.3 | O94: 10.4 | R94: 45.5 | S94: 49.2 | T94: =R94-S94 -> -3.7 | U94: 75.2 | V94: 15.9 | W94: =U94-V94 -> 59.3 | AA94: Are you satisfied or dissatisfied with X as Y? | AF94: 38.3 | AG94: 56.5 | AH94: =AF94-AG94 -> -18.2 | AI94: In general, are you satisfied or dissatisfied with the way the Government is running the country?
B95: Jul | E95: 25 | G95: DE | N95: -9 | O95: -3.5
B96: Jul | C96: -29 | D96: 23219 | F96: NOP | G96: DM | H96: 41 | I96: =H96-H94 -> 1.7 | J96: 47.9 | K96: =J96-J94 -> 0.3 | L96: 10.9 | M96: =L96-L94 -> -1.8 | N96: =H96-J96 -> -6.9 | O96: =N96-N94 -> 1.4 | P96: 5k rather than usual 2k sample (due to controversy over difference between NOP and Galliup polls at the time) | R96: 50.5 | S96: 45.9 | T96: =R96-S96 -> 4.6 | U96: 71 | V96: 20.6 | W96: =U96-V96 -> 50.4 | AA96: Are you satisfied or dissatisfied with X as Y? | AF96: 41.3 | AG96: 53.9 | AH96: =AF96-AG96 -> -12.6 | AI96: In general, are you satisfied or dissatisfied with the way the Government is running the country?
B97: Jul | E97: 31 | G97: DE | N97: -8.5 | O97: 0.5
B98: Jul | C98: 25-30 | D98: 23217 | E98: 1 | F98: Gallup | G98: DT | H98: 33 | I98: 1 | J98: 50.5 | K98: -1.5 | L98: 15.5 | M98: 0.5 | N98: =H98-J98 -> -17.5 | O98: 2.5
B99: Aug | C99: 1-6 | D99: 23224 | F99: Gallup | G99: DT | H99: 35 | I99: 2 | J99: 49.5 | K99: -1 | L99: 14.5 | M99: -1 | N99: =H99-J99 -> -14.5 | O99: 3 | R99: 42 | S99: 47 | T99: =R99-S99 -> -5 | U99: 59 | V99: 12 | W99: =U99-V99 -> 47 | AA99: For Con: Are you satisified or dissatisfied with X as Y? For Lab: Do you think X is or is not proving a good leader of Y? | AF99: 39 | AG99: 45 | AH99: =AF99-AG99 -> -6 | AI99: Do you approve or disapprove of the government's record to date?
B100: Aug | C100: 22-27 | D100: 23245 | F100: Gallup | G100: DT | H100: 33.5 | I100: -1.5 | J100: 49.5 | K100: 0 | L100: 15.5 | M100: 1 | N100: =H100-J100 -> -16 | O100: -1.5
...

Sheet 64-66
A1: Year | B1: Month | C1: Fieldwork | E1: Published | F1: Polling | G1: Publisher | H1: Con | J1: Lab | L1: LD | N1: Con lead | Q1: Leader: | R1: Con good | S1: Con bad | T1: Con net | U1: Lab good | V1: Lab bad | W1: Lab net | X1: LD good | Y1: LD bad | Z1: LD net | AA1: Question | AB1: Con Best PM | AC1: Lab Best PM | AD1: LD Best PM | AE1: Question | AF1: Govt good | AG1: Govt bad | AH1: Govt net | AI1: Question
A2: 1964 | B2: Oct | C2: 22-25 | D2: 23672 | F2: NOP | G2: DM | H2: 36.6 | J2: 50.7 | L2: 12 | N2: =H2-J2 -> -14.1 | U2: 60.1 | V2: 11.9 | W2: =U2-V2 -> 48.2 | AA2: Are you satisfied or dissatisfied with the way X has begun his job as Y?
B3: Nov | C3: 5-8 | D3: 23686 | F3: NOP | G3: DM | H3: 39 | I3: =H3-H2 -> 2.4 | J3: 50.3 | K3: =J3-J2 -> -0.4 | L3: 10.5 | M3: =L3-L2 -> -1.5 | N3: =H3-J3 -> -11.3 | U3: 64.2 | V3: 24.5 | W3: =U3-V3 -> 39.7 | AA3: Are you satisfied or dissatisfied with the way X has begun his job as Y? | AF3: 57.7 | AG3: 21.2 | AH3: =AF3-AG3 -> 36.5 | AI3: Are you satisfied or dissatisfied with the way they have approached the job of governing the country?
B4: Nov | F4: Gallup | G4: DT | H4: 38.5 | J4: 50 | L4: 11 | N4: =H4-J4 -> -11.5 | R4: 39 | S4: 47 | T4: =R4-S4 -> -8 | U4: 60 | V4: 26 | W4: =U4-V4 -> 34 | X4: 69 | Y4: 10 | Z4: =X4-Y4 -> 59 | AA4: For Con: Do you think X is or is not proving a good leader of Y? For Lab: Are you satisified or dissatisfied with X as Y? For Lib: Do you think that X is or is not doing a good job as leader of Y? | AF4: 49 | AG4: 21 | AH4: =AF4-AG4 -> 28 | AI4: Do you approve or disapprove of the government's record to date?
B5: Nov | C5: 19-22 | D5: 23700 | F5: NOP | G5: DM | H5: 37.9 | I5: =H5-H3 -> -1.1 | J5: 51.3 | K5: =J5-J3 -> 1 | L5: 10.4 | M5: =L5-L3 -> -0.1 | N5: =H5-J5 -> -13.4 | O5: =N5-N3 -> -2.1 | R5: 48.2 | S5: 45.4 | T5: =R5-S5 -> 2.8 | U5: 64.9 | V5: 25 | W5: =U5-V5 -> 39.9 | AA5: Are you satisfied or dissatisfied with the way X has begun his job as Y? (PM) Are you satistified or dissatisfied with A as B? | AF5: 56.8 | AG5: 27.7 | AH5: =AF5-AG5 -> 29.1 | AI5: Are you satisfied or dissatisfied with the way they have approached the job of governing the country?
B6: Dec | C6: 3-7 | D6: 23714 | F6: NOP | G6: DM | H6: 38.8 | I6: =H6-H5 -> 0.9 | J6: 48.7 | K6: =J6-J5 -> -2.6 | L6: 12.2 | M6: =L6-L5 -> 1.8 | N6: =H6-J6 -> -9.9 | O6: =N6-N5 -> 3.5 | R6: 46 | S6: 40.6 | T6: =R6-S6 -> 5.4 | U6: 63.7 | V6: 26.4 | W6: =U6-V6 -> 37.3 | AA6: Are you satisfied or dissatisfied with the way X has begun his job as Y? (PM) Are you satistified or dissatisfied with A as B? | AF6: 54.5 | AG6: 28.8 | AH6: =AF6-AG6 -> 25.7 | AI6: Are you satisfied or dissatisfied with the way they have approached the job of governing the country?
B7: Dec | F7: Gallup | G7: DT | H7: 40 | I7: 1.5 | J7: 50.5 | K7: 0.5 | L7: 9 | M7: -2 | N7: =H7-J7 -> -10.5 | O7: 1 | R7: 41 | S7: 39 | T7: =R7-S7 -> 2 | U7: 64 | V7: 26 | W7: =U7-V7 -> 38 | X7: 74 | Y7: 7 | Z7: =X7-Y7 -> 67 | AA7: For Con: Do you think X is or is not proving a good leader of Y? For Lab: Are you satisified or dissatisfied with X as Y? For Lib: Do you think that X is or is not doing a good job as leader of Y? | AF7: 48 | AG7: 30 | AH7: =AF7-AG7 -> 18 | AI7: Do you approve or disapprove of the government's record to date?
A8: 1965 | B8: Jan | F8: Gallup | G8: DT | H8: 42.5 | I8: 2.5 | J8: 46.5 | K8: -4 | L8: 10.5 | M8: 1.5 | N8: =H8-J8 -> -4 | O8: 6.5 | R8: 38 | S8: 42 | T8: =R8-S8 -> -4 | U8: 56 | V8: 26 | W8: =U8-V8 -> 30 | X8: 58 | Y8: 10 | Z8: =X8-Y8 -> 48 | AA8: For Con: Do you think X is or is not proving a good leader of Y? For Lab: Are you satisified or dissatisfied with X as Y? For Lib: Do you think that X is or is not doing a good job as leader of Y? | AF8: 39 | AG8: 35 | AH8: =AF8-AG8 -> 4 | AI8: Do you approve or disapprove of the government's record to date?
B9: Jan | C9: 7-11 | D9: 23749 | F9: NOP | G9: DM | H9: 40.2 | I9: =H9-H6 -> 1.4 | J9: 48.8 | K9: 1.4 | L9: 10.4 | M9: 1.4 | N9: =H9-J9 -> -8.6 | O9: 1.4 | R9: 44.8 | S9: 45.2 | T9: =R9-S9 -> -0.4 | U9: 65.8 | V9: 24.2 | W9: =U9-V9 -> 41.6 | AA9: Are you satisfied or dissatisfied with the way X has begun his job as Y? (PM) Are you satistified or dissatisfied with A as B? | AF9: 51.4 | AG9: 33.2 | AH9: =AF9-AG9 -> 18.2 | AI9: Are you satisfied or dissatisfied with the way they have approached the job of governing the country?
B10: Feb | C10: 11-15 | D10: 23784 | F10: NOP | G10: DM | H10: 43.5 | I10: =H10-H9 -> 3.3 | J10: 48.2 | K10: 3.3 | L10: 8.2 | M10: 3.3 | N10: =H10-J10 -> -4.7 | O10: 3.3 | R10: 42.2 | S10: 46.3 | T10: =R10-S10 -> -4.1 | U10: 64.6 | V10: 27 | W10: =U10-V10 -> 37.6 | AA10: Are you satisfied or dissatisfied with X as Y? | AF10: 48.9 | AG10: 36.2 | AH10: =AF10-AG10 -> 12.7 | AI10: Are you satisfied or dissatisfied with the way the Government is running the country?
B11: Feb | F11: Gallup | G11: DT | H11: 45.5 | I11: 3 | J11: 45 | K11: -2.4 | L11: 9 | M11: -2.4 | N11: =H11-J11 -> 0.5 | O11: -2.4 | R11: 37 | S11: 48 | T11: =R11-S11 -> -11 | U11: 60 | V11: 30 | W11: =U11-V11 -> 30 | X11: 64 | Y11: 12 | Z11: =X11-Y11 -> 52 | AA11: For Con: Do you think X is or is not proving a good leader of Y? For Lab: Are you satisified or dissatisfied with X as Y? For Lib: Do you think that X is or is not doing a good job as leader of Y? | AF11: 43 | AG11: 40 | AH11: =AF11-AG11 -> 3 | AI11: Do you approve or disapprove of the government's record to date?
B12: Mar | C12: 11-15 | D12: 23812 | F12: NOP | G12: DM | H12: 41.1 | I12: =H12-H10 -> -2.4 | J12: 50.2 | K12: -2.4 | L12: 8.4 | M12: -2.4 | N12: =H12-J12 -> -9.1 | O12: -2.4 | R12: 45 | S12: 45 | T12: =R12-S12 -> 0 | U12: 68 | V12: 25 | W12: =U12-V12 -> 43 | AA12: Are you satisfied or dissatisfied with X as Y? | AF12: 52 | AG12: 34 | AH12: =AF12-AG12 -> 18 | AI12: Are you satisfied or dissatisfied with the way the Government is running the country?
B13: Mar | F13: Gallup | G13: DT | H13: 43.5 | I13: -2 | J13: 46 | K13: -1.9 | L13: 9.5 | M13: -1.9 | N13: =H13-J13 -> -2.5 | O13: -1.9 | R13: 38 | S13: 43 | T13: =R13-S13 -> -5 | U13: 58 | V13: 32 | W13: =U13-V13 -> 26 | X13: 66 | Y13: 12 | Z13: =X13-Y13 -> 54 | AA13: For Con: Do you think X is or is not proving a good leader of Y? For Lab: Are you satisified or dissatisfied with X as Y? For Lib: Do you think that X is or is not doing a good job as leader of Y? | AF13: 47 | AG13: 38 | AH13: =AF13-AG13 -> 9 | AI13: Do you approve or disapprove of the government's record to date?
B14: Mar | C14: 25-29 | D14: 23826 | F14: NOP | G14: DM | H14: 39.2 | I14: =H14-H12 -> -1.9 | J14: 48.7 | K14: 1.6 | L14: 11.7 | M14: 1.6 | N14: =H14-J14 -> -9.5 | O14: 1.6
B15: Apr | C15: 8-12 | D15: 23840 | F15: NOP | G15: DM | H15: 40.8 | I15: =H15-H14 -> 1.6 | J15: 46.2 | K15: 0.6 | L15: 12.5 | M15: 0.6 | N15: =H15-J15 -> -5.4 | O15: 0.6 | R15: 41 | S15: 48 | T15: =R15-S15 -> -7 | U15: 65 | V15: 28 | W15: =U15-V15 -> 37 | AA15: Are you satisfied or dissatisfied with X as Y? | AF15: 48 | AG15: 39 | AH15: =AF15-AG15 -> 9 | AI15: Are you satisfied or dissatisfied with the way the Government is running the country?
B16: Apr | F16: Gallup | G16: DT | H16: 39.5 | I16: -4 | J16: 47.5 | K16: 1.5 | L16: 12.5 | M16: 3 | N16: =H16-J16 -> -8 | O16: -5.5 | R16: 34 | S16: 48 | T16: =R16-S16 -> -14 | U16: 63 | V16: 28 | W16: =U16-V16 -> 35 | X16: 66 | Y16: 10 | Z16: =X16-Y16 -> 56 | AA16: For Con: Do you think X is or is not proving a good leader of Y? For Lab: Are you satisified or dissatisfied with X as Y? For Lib: Do you think that X is or is not doing a good job as leader of Y? | AF16: 45 | AG16: 34 | AH16: =AF16-AG16 -> 11 | AI16: Do you approve or disapprove of the government's record to date?
B17: May | C17: 6-10 | D17: 23868 | F17: NOP | G17: DM | H17: 41.4 | I17: =H17-H15 -> 0.6 | J17: 47.2 | K17: 0.6 | L17: 11 | M17: 0.6 | N17: =H17-J17 -> -5.8 | O17: 0.6 | R17: 42 | S17: 48 | T17: =R17-S17 -> -6 | U17: 63 | V17: 30 | W17: =U17-V17 -> 33 | AA17: Are you satisfied or dissatisfied with X as Y? | AF17: 47 | AG17: 42 | AH17: =AF17-AG17 -> 5 | AI17: Are you satisfied or dissatisfied with the way the Government is running the country?
B18: May | F18: Gallup | G18: DT | H18: 44 | I18: 4.5 | J18: 43 | K18: 1.2 | L18: 12.5 | M18: 1.2 | N18: =H18-J18 -> 1 | O18: 1.2 | R18: 36 | S18: 48 | T18: =R18-S18 -> -12 | U18: 56 | V18: 34 | W18: =U18-V18 -> 22 | X18: 65 | Y18: 11 | Z18: =X18-Y18 -> 54 | AA18: For Con: Do you think X is or is not proving a good leader of Y? For Lab: Are you satisified or dissatisfied with X as Y? For Lib: Do you think that X is or is not doing a good job as leader of Y? | AF18: 39 | AG18: 45 | AH18: =AF18-AG18 -> -6 | AI18: Do you approve or disapprove of the government's record to date?
B19: May | C19: 20-24 | D19: 23882 | F19: NOP | G19: DM | H19: 42.6 | I19: =H19-H17 -> 1.2 | J19: 46.3 | K19: -1 | L19: 10.3 | M19: -1 | N19: =H19-J19 -> -3.7 | O19: -1 | R19: 43 | S19: 43 | T19: =R19-S19 -> 0 | U19: 61 | V19: 30 | W19: =U19-V19 -> 31 | AA19: Are you satisfied or dissatisfied with X as Y? | AF19: 42 | AG19: 44 | AH19: =AF19-AG19 -> -2 | AI19: Are you satisfied or dissatisfied with the way the Government is running the country?
B20: Jun | F20: Gallup | G20: DT | H20: 47 | I20: 3 | J20: 42.5 | K20: 2.1 | L20: 9.5 | M20: 2.1 | N20: =H20-J20 -> 4.5 | O20: 2.1 | R20: 36 | S20: 48 | T20: =R20-S20 -> -12 | U20: 48 | V20: 40 | W20: =U20-V20 -> 8 | X20: 65 | Y20: 11 | Z20: =X20-Y20 -> 54 | AA20: For Con: Do you think X is or is not proving a good leader of Y? For Lab: Are you satisified or dissatisfied with X as Y? For Lib: Do you think that X is or is not doing a good job as leader of Y? | AF20: 35 | AG20: 47 | AH20: =AF20-AG20 -> -12 | AI20: Do you approve or disapprove of the government's record to date?
B21: Jun | C21: 10-15 | D21: 23903 | F21: NOP | G21: DM | H21: 41.6 | I21: =H21-H19 -> -1 | J21: 47 | K21: -1.2 | L21: 10.4 | M21: -1.2 | N21: =H21-J21 -> -5.4 | O21: -1.2 | R21: 41 | S21: 45 | T21: =R21-S21 -> -4 | U21: 61 | V21: 31 | W21: =U21-V21 -> 30 | AA21: Are you satisfied or dissatisfied with X as Y? | AF21: 42 | AG21: 45 | AH21: =AF21-AG21 -> -3 | AI21: Are you satisfied or dissatisfied with the way the Government is running the country?
B22: Jun | C22: 24-29 | D22: 23917 | F22: NOP | G22: DM | H22: 43.7 | I22: =H22-H21 -> 2.1 | J22: 45.8 | K22: -0.1 | L22: 9.9 | M22: -0.1 | N22: =H22-J22 -> -2.1 | O22: -0.1 | R22: 42 | S22: 45 | T22: =R22-S22 -> -3 | U22: 57 | V22: 34 | W22: =U22-V22 -> 23 | AA22: Are you satisfied or dissatisfied with X as Y? | AF22: 40 | AG22: 47 | AH22: =AF22-AG22 -> -7 | AI22: Are you satisfied or dissatisfied with the way the Government is running the country?
B23: Jul | C23: 8-12 | D23: 23931 | F23: NOP | G23: DM | H23: 42.5 | I23: =H23-H22 -> -1.2 | J23: 47.3 | K23: 4.5 | L23: 9.9 | M23: 4.5 | N23: =H23-J23 -> -4.8 | O23: 4.5 | U23: 61 | V23: 31 | W23: =U23-V23 -> 30 | AA23: Are you satisfied or dissatisfied with X as Y? | AF23: 42 | AG23: 44 | AH23: =AF23-AG23 -> -2 | AI23: Are you satisfied or dissatisfied with the way the Government is running the country?
B24: Jul | F24: Gallup | G24: DT | H24: 46.5 | I24: -0.5 | J24: 45 | K24: -3.4 | L24: 8 | M24: -3.4 | N24: =H24-J24 -> 1.5 | O24: -3.4 | R24: 32 | S24: 46 | T24: =R24-S24 -> -14 | U24: 51 | V24: 35 | W24: =U24-V24 -> 16 | AA24: For Con: Do you think X is or is not proving a good leader of Y? For Lab: Are you satisified or dissatisfied with X as Y? | AF24: 36 | AG24: 41 | AH24: =AF24-AG24 -> -5 | AI24: Do you approve or disapprove of the government's record to date?
B25: Jul | C25: 22-26 | D25: 23945 | F25: NOP | G25: DM | H25: 42.4 | I25: =H25-H23 -> -0.1 | J25: 47.7 | K25: -1.1 | L25: 9.5 | M25: -1.1 | N25: =H25-J25 -> -5.3 | O25: -1.1 | U25: 61 | V25: 30 | W25: =U25-V25 -> 31 | AA25: Are you satisfied or dissatisfied with X as Y? | AF25: 45 | AG25: 43 | AH25: =AF25-AG25 -> 2 | AI25: Are you satisfied or dissatisfied with the way the Government is running the country?
B26: Aug | C26: 5-9 | D26: 23959 | F26: NOP | G26: DM | H26: 46.9 | I26: =H26-H25 -> 4.5 | J26: 43.1 | K26: =J26-J25 -> -4.6 | L26: 9.5 | M26: =L26-L25 -> 0 | N26: =H26-J26 -> 3.8 | O26: =N26-N25 -> 9.1 | U26: 58 | V26: 33 | W26: =U26-V26 -> 25 | AA26: Are you satisfied or dissatisfied with X as Y? | AF26: 38 | AG26: 57 | AH26: =AF26-AG26 -> -19 | AI26: Are you satisfied or dissatisfied with the way the Government is running the country?
B27: Aug | F27: Gallup | G27: DT | H27: 49 | I27: 2.5 | J27: 41.5 | K27: -3.4 | L27: 8.5 | M27: -3.4 | N27: =H27-J27 -> 7.5 | O27: -3.4 | R27: 51 | S27: 8 | T27: =R27-S27 -> 43 | U27: 50 | V27: 40 | W27: =U27-V27 -> 10 | AA27: For Con: Do you think X is or is not proving a good leader of Y? For Lab: Are you satisified or dissatisfied with X as Y? | AF27: 39 | AG27: 45 | AH27: =AF27-AG27 -> -6 | AI27: Do you approve or disapprove of the government's record to date?
B28: Sep | C28: 9-13 | D28: 23994 | F28: NOP | G28: DM | H28: 43.5 | I28: =H28-H26 -> -3.4 | J28: 46.1 | K28: =J28-J26 -> 3 | L28: 10.1 | M28: =L28-L26 -> 0.6 | N28: =H28-J28 -> -2.6 | O28: =N28-N26 -> -6.4 | R28: 58 | S28: 12 | T28: =R28-S28 -> 46 | U28: 61 | V28: 32 | W28: =U28-V28 -> 29 | AA28: Are you satisfied or dissatisfied with X as Y? | AF28: 45 | AG28: 42 | AH28: =AF28-AG28 -> 3 | AI28: Are you satisfied or dissatisfied with the way the Government is running the country?
B29: Sep | C29: 23-27 | D29: 24008 | F29: NOP | G29: DM | H29: 42.4 | I29: =H29-H28 -> -1.1 | J29: 46.4 | K29: =J29-J28 -> 0.3 | L29: 10.9 | M29: =L29-L28 -> 0.8 | N29: =H29-J29 -> -4 | O29: =N29-N28 -> -1.4 | R29: 53 | S29: 17 | T29: =R29-S29 -> 36 | U29: 59 | V29: 33 | W29: =U29-V29 -> 26 | AA29: Are you satisfied or dissatisfied with X as Y? | AF29: 47 | AG29: 41 | AH29: =AF29-AG29 -> 6 | AI29: Are you satisfied or dissatisfied with the way the Government is running the country?
B30: Sep | F30: Gallup | G30: DT | H30: 42 | I30: -7 | J30: 48.5 | K30: -3.4 | L30: 8.5 | M30: -3.4 | N30: =H30-J30 -> -6.5 | O30: -3.4 | R30: 49 | S30: 7 | T30: =R30-S30 -> 42 | U30: 54 | V30: 35 | W30: =U30-V30 -> 19 | X30: 57 | Y30: 12 | Z30: =X30-Y30 -> 45 | AA30: For Con: Do you think X is or is not proving a good leader of Y? For Lab: Are you satisified or dissatisfied with X as Y? For Lib: Do you think that X is or is not doing a good job as leader of Y? | AF30: 42 | AG30: 43 | AH30: =AF30-AG30 -> -1 | AI30: Do you approve or disapprove of the government's record to date?
B31: Oct | F31: Gallup | G31: DT | H31: 41.5 | I31: -0.5 | J31: 49 | K31: 4.4 | L31: 9 | M31: 4.4 | N31: =H31-J31 -> -7.5 | O31: 4.4 | R31: 47 | S31: 15 | T31: =R31-S31 -> 32 | U31: 61 | V31: 29 | W31: =U31-V31 -> 32 | AA31: For Con: Do you think X is or is not doing a good job as Y? For Lab: Are you satisified or dissatisfied with X as Y? | AF31: 49 | AG31: 36 | AH31: =AF31-AG31 -> 13 | AI31: Do you approve or disapprove of the government's record to date?
B32: Oct | C32: 7-11 | D32: 24022 | F32: NOP | G32: DM | H32: 39.8 | I32: =H32-H29 -> -2.6 | J32: 51.1 | K32: =J32-J29 -> 4.7 | L32: 8.3 | M32: =L32-L29 -> -2.6 | N32: =H32-J32 -> -11.3 | O32: =N32-N29 -> -7.3 | R32: 55 | S32: 19 | T32: =R32-S32 -> 36 | U32: 66 | V32: 27 | W32: =U32-V32 -> 39 | AA32: Are you satisfied or dissatisfied with X as Y? | AF32: 52 | AG32: 36 | AH32: =AF32-AG32 -> 16 | AI32: Are you satisfied or dissatisfied with the way the Government is running the country?
B33: Oct | C33: 21-25 | D33: 24036 | F33: NOP | G33: DM | H33: 40.6 | I33: =H33-H32 -> 0.8 | J33: 51 | K33: =J33-J32 -> -0.1 | L33: 8 | M33: =L33-L32 -> -0.3 | N33: =H33-J33 -> -10.4 | O33: =N33-N32 -> 0.9 | R33: 54 | S33: 19 | T33: =R33-S33 -> 35 | U33: 69 | V33: 24 | W33: =U33-V33 -> 45 | AA33: Are you satisfied or dissatisfied with X as Y? | AF33: 54 | AG33: 32 | AH33: =AF33-AG33 -> 22 | AI33: Are you satisfied or dissatisfied with the way the Government is running the country?
B34: Nov | C34: 11-15 | D34: 24057 | F34: NOP | G34: DM | H34: 37.2 | I34: =H34-H33 -> -3.4 | J34: 56 | K34: =J34-J33 -> 5 | L34: 6.5 | M34: =L34-L33 -> -1.5 | N34: =H34-J34 -> -18.8 | O34: =N34-N33 -> -8.4 | R34: 54 | S34: 19 | T34: =R34-S34 -> 35 | U34: 73 | V34: 21 | W34: =U34-V34 -> 52 | AA34: Are you satisfied or dissatisfied with X as Y? | AF34: 61 | AG34: 28 | AH34: =AF34-AG34 -> 33 | AI34: Are you satisfied or dissatisfied with the way the Government is running the country?
B35: Nov | F35: Gallup | G35: DT | H35: 42 | I35: 0.5 | J35: 48.5 | K35: -0.2 | L35: 8.5 | M35: -0.2 | N35: =H35-J35 -> -6.5 | O35: -0.2 | R35: 48 | S35: 18 | T35: =R35-S35 -> 30 | U35: 65 | V35: 24 | W35: =U35-V35 -> 41 | AA35: For Con: Do you think X is or is not doing a good job as Y? For Lab: Are you satisified or dissatisfied with X as Y? | AF35: 50 | AG35: 30 | AH35: =AF35-AG35 -> 20 | AI35: Do you approve or disapprove of the government's record to date?
B36: Nov | C36: 25-30 | D36: 24071 | F36: NOP | G36: DM | H36: 41.6 | I36: =H36-H34 -> 4.4 | J36: 50.4 | K36: =J36-J34 -> -5.6 | L36: 7.7 | M36: =L36-L34 -> 1.2 | N36: =H36-J36 -> -8.8 | O36: =N36-N34 -> 10 | R36: 55 | S36: 22 | T36: =R36-S36 -> 33 | U36: 68 | V36: 26 | W36: =U36-V36 -> 42 | AA36: Are you satisfied or dissatisfied with X as Y? | AF36: 57 | AG36: 34 | AH36: =AF36-AG36 -> 23 | AI36: Are you satisfied or dissatisfied with the way the Government is running the country?
B37: Dec | C37: 9-13 | D37: 24085 | F37: NOP | G37: DM | H37: 36.3 | I37: =H37-H36 -> -5.3 | J37: 55.5 | K37: =J37-J36 -> 5.1 | L37: 8 | M37: =L37-L36 -> 0.3 | N37: =H37-J37 -> -19.2 | O37: =N37-N36 -> -10.4 | R37: 53 | S37: 23 | T37: =R37-S37 -> 30 | U37: 71 | V37: 22 | W37: =U37-V37 -> 49 | AA37: Are you satisfied or dissatisfied with X as Y? | AF37: 57 | AG37: 31 | AH37: =AF37-AG37 -> 26 | AI37: Are you satisfied or dissatisfied with the way the Government is running the country?
B38: Dec | F38: Gallup | G38: DT | H38: 40.5 | I38: -1.5 | J38: 48.5 | K38: 2.9 | L38: 10 | M38: 2.9 | N38: =H38-J38 -> -8 | O38: 2.9 | R38: 43 | S38: 27 | T38: =R38-S38 -> 16 | U38: 66 | V38: 26 | W38: =U38-V38 -> 40 | AA38: For Con: Do you think X is or is not doing a good job as Y? For Lab: Are you satisified or dissatisfied with X as Y? | AF38: 55 | AG38: 32 | AH38: =AF38-AG38 -> 23 | AI38: Do you approve or disapprove of the government's record to date?
A39: 1966 | B39: Jan | F39: Gallup | G39: DT | H39: 42 | I39: 1.5 | J39: 47.5 | K39: -0.2 | L39: 9.5 | M39: -0.2 | N39: =H39-J39 -> -5.5 | O39: -0.2 | R39: 48 | S39: 21 | T39: =R39-S39 -> 27 | U39: 65 | V39: 25 | W39: =U39-V39 -> 40 | AA39: For Con: Do you think X is or is not proving a good leader of Y? For Lab: Are you satisified or dissatisfied with X as Y? | AF39: 51 | AG39: 29 | AH39: =AF39-AG39 -> 22 | AI39: Do you approve or disapprove of the government's record to date?
B40: Jan | C40: 6-10 | D40: 24113 | F40: NOP | G40: DM | H40: 39.2 | I40: =H40-H37 -> 2.9 | J40: 53.3 | K40: =J40-J37 -> -2.2 | L40: 7.3 | M40: =L40-L37 -> -0.7 | N40: =H40-J40 -> -14.1 | O40: =N40-N37 -> 5.1 | R40: 52 | S40: 23 | T40: =R40-S40 -> 29 | U40: 69 | V40: 25 | W40: =U40-V40 -> 44 | AA40: Are you satisfied or dissatisfied with X as Y? | AF40: 56 | AG40: 33 | AH40: =AF40-AG40 -> 23 | AI40: Are you satisfied or dissatisfied with the way the Government is running the country?
B41: Jan | C41: 27-31 | D41: 24134 | F41: NOP | G41: DM | H41: 39 | I41: =H41-H40 -> -0.2 | J41: 54.3 | K41: =J41-J40 -> 1 | L41: 6.4 | M41: =L41-L40 -> -0.9 | N41: =H41-J41 -> -15.3 | O41: =N41-N40 -> -1.2 | R41: 46 | S41: 31 | T41: =R41-S41 -> 15 | U41: 65 | V41: 28 | W41: =U41-V41 -> 37 | AA41: Are you satisfied or dissatisfied with X as Y? | AF41: 54 | AG41: 38 | AH41: =AF41-AG41 -> 16 | AI41: Are you satisfied or dissatisfied with the way the Government is running the country?
B42: Feb | F42: Gallup | G42: DT | H42: 42.5 | I42: 0.5 | J42: 50 | K42: 0.8 | L42: 7 | M42: 0.8 | N42: =H42-J42 -> -7.5 | O42: 0.8 | R42: 40 | S42: 36 | T42: =R42-S42 -> 4 | U42: 60 | V42: 32 | W42: =U42-V42 -> 28 | X42: 53 | Y42: 17 | Z42: =X42-Y42 -> 36 | AA42: For Con: Do you think X is or is not proving a good leader of Y? For Lab: Are you satisified or dissatisfied with X as Y? For Lib: Do you think that X is or is not doing a good job as leader of Y? | AF42: 48 | AG42: 36 | AH42: =AF42-AG42 -> 12 | AI42: Do you approve or disapprove of the government's record to date?
B43: Feb | C43: 10-14 | D43: 24148 | E43: 17 | F43: NOP | G43: DM | H43: 39.8 | I43: =H43-H41 -> 0.8 | J43: 53.8 | K43: =J43-J41 -> -0.5 | L43: 6.3 | M43: =L43-L41 -> -0.1 | N43: =H43-J43 -> -14 | O43: =N43-N41 -> 1.3 | R43: 47 | S43: 31 | T43: =R43-S43 -> 16 | U43: 67 | V43: 28 | W43: =U43-V43 -> 39 | AA43: Are you satisfied or dissatisfied with X as Y? | AF43: 54 | AG43: 36 | AH43: =AF43-AG43 -> 18 | AI43: Are you satisfied or dissatisfied with the way the Government is running the country?
B44: Feb | D44: 24156 | E44: 24 | F44: Gallup | H44: 42 | I44: -0.5 | J44: 51 | K44: 1 | L44: 6.5 | M44: -0.5 | N44: =H44-J44 -> -9 | O44: -1.5 | P44: Quota
B45: Feb | C45: 23-28 | D45: 24161 | E45: 3 | F45: NOP | G45: DM | H45: 40.1 | I45: 0.3 | J45: 53 | K45: -0.8 | L45: 6.7 | M45: 0.4 | N45: =H45-J45 -> -12.9 | O45: 1.1 | R45: 43 | S45: 32 | T45: =R45-S45 -> 11 | U45: 66 | V45: 27 | W45: =U45-V45 -> 39 | AA45: Are you satisfied or dissatisfied with X as Y? | AF45: 52 | AG45: 37 | AH45: =AF45-AG45 -> 15 | AI45: Are you satisfied or dissatisfied with the way the Government is running the country?
B46: Mar | D46: 24167 | E46: 4 | F46: Gallup | G46: DT | H46: 40 | I46: -2 | J46: 51 | K46: 0 | L46: 7.5 | M46: 1 | N46: =H46-J46 -> -11 | O46: -2 | P46: Quota
B47: Mar | D47: 24167 | E47: 6 | F47: Research Serv Ltd | H47: 44.9 | J47: 49.4 | L47: 5.2 | N47: =H47-J47 -> -4.5
B48: Mar | D48: 24168 | E48: 7 | G48: DE | H48: 39 | J48: 54 | L48: 7 | N48: =H48-J48 -> -15
B49: Mar | C49: 2-7 | D49: 24168 | E49: 10 | F49: NOP | G49: DM | H49: 39.4 | I49: -0.7 | J49: 53.8 | K49: 0.8 | L49: 6.5 | M49: -0.2 | N49: =H49-J49 -> -14.4 | O49: -1.5 | R49: 44 | S49: 35 | T49: =R49-S49 -> 9 | U49: 65 | V49: 29 | W49: =U49-V49 -> 36 | AA49: Are you satisfied or dissatisfied with X as Y? | AF49: 53 | AG49: 37 | AH49: =AF49-AG49 -> 16 | AI49: Are you satisfied or dissatisfied with the way the Government is running the country?
B50: Mar | D50: 24173 | E50: 12 | G50: DE | H50: 40 | I50: 1 | J50: 54.5 | K50: 0.5 | L50: 5.5 | M50: -1.5 | N50: =H50-J50 -> -14.5 | O50: 0.5
B51: Mar | D51: 24173 | E51: 13 | F51: Gallup | H51: 41 | I51: 1 | J51: 51 | K51: 0 | L51: 7.5 | M51: 0 | N51: =H51-J51 -> -10 | O51: 1 | P51: Quota
B52: Mar | D52: 24173 | E52: 13 | F52: Gallup | H52: 40.5 | I52: -0.5 | J52: 52.5 | K52: 1.5 | L52: 6.5 | M52: -1 | N52: =H52-J52 -> -12 | O52: -2 | P52: Random
B53: Mar | D53: 24174 | E53: 13 | F53: Research Serv Ltd | H53: 41.9 | I53: -3 | J53: 49.6 | K53: 0.2 | L53: 8.1 | M53: 2.9 | N53: =H53-J53 -> -7.7 | O53: -3.2
B54: Mar | C54: 9-14 | D54: 24175 | E54: 18 | F54: NOP | G54: DM | H54: 39.2 | I54: -0.2 | J54: 52.6 | K54: -1.2 | L54: 7.7 | M54: 1.2 | N54: =H54-J54 -> -13.4 | O54: 1 | R54: 44 | S54: 34 | T54: =R54-S54 -> 10 | U54: 65 | V54: 30 | W54: =U54-V54 -> 35 | AA54: Are you satisfied or dissatisfied with X as Y? | AF54: 51 | AG54: 39 | AH54: =AF54-AG54 -> 12 | AI54: Are you satisfied or dissatisfied with the way the Government is running the country?
B55: Mar | D55: 24181 | E55: 19 | G55: DE | H55: 37.5 | I55: -2.5 | J55: 55 | K55: 0.5 | L55: 7.5 | M55: 2 | N55: =H55-J55 -> -17.5 | O55: -3
B56: Mar | D56: 24181 | E56: 20 | F56: Gallup | H56: 39 | I56: -1.5 | J56: 51 | K56: -1.5 | L56: 9.5 | M56: 3 | N56: =H56-J56 -> -12 | O56: 0 | P56: Quota
B57: Mar | D57: 24181 | E57: 20 | F57: Gallup | H57: 41.5 | I57: 2.5 | J57: 52 | K57: 1 | L57: 6 | M57: -3.5 | N57: =H57-J57 -> -10.5 | O57: 1.5 | P57: Random
B58: Mar | D58: 24181 | E58: 20 | F58: Research Serv Ltd | H58: 42.4 | I58: 0.5 | J58: 49.7 | K58: 0.1 | L58: 7.4 | M58: -0.7 | N58: =H58-J58 -> -7.3 | O58: 0.4
B59: Mar | C59: 16-21 | D59: 24182 | E59: 24 | F59: NOP | G59: DM | H59: 39.5 | I59: 0.3 | J59: 52 | K59: -0.6 | L59: 7.8 | M59: 0.1 | N59: =H59-J59 -> -12.5 | O59: 0.9 | R59: 44 | S59: 38 | T59: =R59-S59 -> 6 | U59: 64 | V59: 32 | W59: =U59-V59 -> 32 | AA59: Are you satisfied or dissatisfied with X as Y? | AF59: 51 | AG59: 38 | AH59: =AF59-AG59 -> 13 | AI59: Are you satisfied or dissatisfied with the way the Government is running the country?
B60: Mar | D60: 24185 | E60: 24 | F60: Gallup | H60: 42 | I60: 0.5 | J60: 50.5 | K60: -1.5 | L60: 7 | M60: 1 | N60: =H60-J60 -> -8.5 | O60: 2 | P60: Random
B61: Mar | D61: 24187 | E61: 25 | G61: DE | H61: 39 | I61: 1.5 | J61: 53.5 | K61: -1.5 | L61: 7.5 | M61: 0 | N61: =H61-J61 -> -14.5 | O61: 3
B62: Mar | D62: 24187 | E62: 27 | F62: Gallup | H62: 42 | I62: 0 | J62: 50.5 | K62: 0 | L62: 7 | M62: 0 | N62: =H62-J62 -> -8.5 | O62: 0 | P62: Quota
B63: Mar | D63: 24188 | E63: 27 | F63: Research Serv Ltd | G63: Ob | H63: 41.6 | I63: -0.8 | J63: 49.7 | K63: 0 | L63: 8.3 | M63: 0.9 | N63: =H63-J63 -> -8.1 | O63: -0.8
B64: Mar | C64: 22-26 | D64: 24188 | E64: 29 | F64: NOP | G64: DM | H64: 39.6 | I64: 0.1 | J64: 52.2 | K64: 0.2 | L64: 7.6 | M64: -0.2 | N64: =H64-J64 -> -12.6 | O64: -0.1 | R64: 42 | S64: 40 | T64: =R64-S64 -> 2 | U64: 61 | V64: 33 | W64: =U64-V64 -> 28 | X64: 62 | Y64: 18 | Z64: =X64-Y64 -> 44 | AA64: Are you satisfied or dissatisfied with X as Y? | AF64: 50 | AG64: 39 | AH64: =AF64-AG64 -> 11 | AI64: Are you satisfied or dissatisfied with the way the Government is running the country?
B65: Mar | D65: 24190 | E65: 29 | G65: DE | H65: 40 | I65: 1 | J65: 52.5 | K65: -1 | L65: 7.5 | M65: 0 | N65: =H65-J65 -> -12.5 | O65: 2
B66: Mar | C66: 24-28 | D66: 24190 | E66: 31 | F66: Gallup | G66: DT | H66: 40 | I66: -2 | J66: 51 | K66: 0.5 | L66: 8 | M66: 1 | N66: =H66-J66 -> -11 | O66: -2.5 | P66: Combined quota and random
B67: Mar | C67: 27-29 | D67: 24193 | E67: 31 | F67: NOP | G67: DM | H67: 41.6 | I67: 2 | J67: 50.6 | K67: -1.6 | L67: 7.4 | M67: -0.2 | N67: =H67-J67 -> -9 | O67: 3.6
B68: Mar | D68: 24193 | E68: 31 | G68: DE | H68: 37.4 | I68: -2.6 | J68: 54.1 | K68: 1.6 | L68: 7.7 | M68: 0.2 | N68: =H68-J68 -> -16.7 | O68: -4.2
E70: 31 | F70: Result | H70: 41.4 | J70: 48.8 | L70: 8.6 | N70: =H70-J70 -> -7.4

Sheet 66-70
A1: Year | B1: Month | C1: Fieldwork | E1: Published | F1: Polling | G1: Publisher | H1: Con | J1: Lab | L1: LD | N1: Con lead | Q1: Leader: | R1: Con good | S1: Con bad | T1: Con net | U1: Lab good | V1: Lab bad | W1: Lab net | X1: LD good | Y1: LD bad | Z1: LD net | AA1: Question | AB1: Con Best PM | AC1: Lab Best PM | AD1: Question | AE1: Govt good | AF1: Govt bad | AG1: Govt net | AH1: Question
A2: 1966 | B2: Apr | C2: 14-19 | D2: 24211 | F2: Gallup | G2: DT | H2: 35.5 | J2: 54.5 | L2: 8.5 | N2: -19 | R2: 39 | S2: 39 | T2: =R2-S2 -> 0 | U2: 63 | V2: 29 | W2: =U2-V2 -> 34 | AA2: For Con: Do you think X is or is not proving a good leader of Y? For Lab: Are you satisified or dissatisfied with X as Y? | AE2: 53 | AF2: 32 | AG2: =AE2-AF2 -> 21 | AH2: Do you approve or disapprove of the government's record to date?
B3: Apr | C3: 21-15 | D3: 24218 | F3: NOP | G3: DM | H3: 35.6 | J3: 55 | L3: 8.7 | N3: =H3-J3 -> -19.4 | R3: 45 | S3: 39 | T3: =R3-S3 -> 6 | U3: 70 | V3: 24 | W3: =U3-V3 -> 46 | AA3: Are you satisfied or dissatisfied with X as Y? | AE3: 57 | AF3: 30 | AG3: =AE3-AF3 -> 27 | AH3: Are you satisfied or dissatisfied with the way the Government is running the country?
B4: May | C4: 5-9 | D4: 24232 | F4: NOP | G4: DM | H4: 34.1 | I4: =H4-H3 -> -1.5 | J4: 55.2 | K4: =J4-J3 -> 0.2 | L4: 9.6 | M4: =L4-L3 -> 0.9 | N4: =H4-J4 -> -21.1 | O4: =N4-N3 -> -1.7 | R4: 46 | S4: 38 | T4: =R4-S4 -> 8 | U4: 73 | V4: 22 | W4: =U4-V4 -> 51 | AA4: Are you satisfied or dissatisfied with X as Y? | AE4: 64 | AF4: 27 | AG4: =AE4-AF4 -> 37 | AH4: Are you satisfied or dissatisfied with the way the Government is running the country?
B5: May | C5: 6-10 | D5: 24233 | F5: Gallup | G5: DT | H5: 35.5 | I5: 0 | J5: 53.5 | K5: 3.2 | L5: 10 | M5: 3.2 | N5: -18 | O5: 3.2 | R5: 44 | S5: 35 | T5: =R5-S5 -> 9 | U5: 69 | V5: 25 | W5: =U5-V5 -> 44 | AA5: For Con: Do you think X is or is not proving a good leader of Y? For Lab: Are you satisified or dissatisfied with X as Y? | AE5: 54 | AF5: 31 | AG5: =AE5-AF5 -> 23 | AH5: Do you approve or disapprove of the government's record to date?
B6: Jun | C6: 3-7 | D6: 24261 | F6: Gallup | G6: DT | H6: 39.5 | I6: 4 | J6: 52 | K6: -0.7 | L6: 7.5 | M6: -0.7 | N6: -12.5 | O6: -0.7 | R6: 33 | S6: 41 | T6: =R6-S6 -> -8 | U6: 58 | V6: 31 | W6: =U6-V6 -> 27 | AA6: For Con: Do you think X is or is not proving a good leader of Y? For Lab: Are you satisified or dissatisfied with X as Y? | AE6: 44 | AF6: 36 | AG6: =AE6-AF6 -> 8 | AH6: Do you approve or disapprove of the government's record to date?
B7: Jun | C7: 22-27 | D7: 24280 | F7: NOP | G7: DM | H7: 37.3 | I7: =H7-H4 -> 3.2 | J7: 55.2 | K7: =J7-J4 -> 0 | L7: 6.8 | M7: =L7-L4 -> -2.8 | N7: =H7-J7 -> -17.9 | O7: =N7-N4 -> 3.2 | R7: 43 | S7: 38 | T7: =R7-S7 -> 5 | U7: 67 | V7: 26 | W7: =U7-V7 -> 41 | AA7: Are you satisfied or dissatisfied with X as Y? | AE7: 54 | AF7: 34 | AG7: =AE7-AF7 -> 20 | AH7: Are you satisfied or dissatisfied with the way the Government is running the country?
B8: Jul | C8: 6-11 | D8: 24294 | F8: NOP | G8: DM | H8: 36.6 | I8: =H8-H7 -> -0.7 | J8: 53.4 | K8: =J8-J7 -> -1.8 | L8: 9 | M8: =L8-L7 -> 2.2 | N8: =H8-J8 -> -16.8 | O8: =N8-N7 -> 1.1 | R8: 44 | S8: 38 | T8: =R8-S8 -> 6 | U8: 70 | V8: 24 | W8: =U8-V8 -> 46 | AA8: Are you satisfied or dissatisfied with X as Y? | AE8: 56 | AF8: 34 | AG8: =AE8-AF8 -> 22 | AH8: Are you satisfied or dissatisfied with the way the Government is running the country?
B9: Jul | C9: 14-19 | D9: 24302 | F9: Gallup | G9: DT | H9: 41 | I9: 1.5 | J9: 48.5 | K9: 2.2 | L9: 8.5 | M9: 2.2 | N9: -7.5 | O9: 2.2 | R9: 33 | S9: 46 | T9: =R9-S9 -> -13 | U9: 61 | V9: 29 | W9: =U9-V9 -> 32 | AA9: For Con: Do you think X is or is not proving a good leader of Y? For Lab: Are you satisified or dissatisfied with X as Y? | AE9: 42 | AF9: 37 | AG9: =AE9-AF9 -> 5 | AH9: Do you approve or disapprove of the government's record to date?
B10: Jul | C10: 27-1 | D10: 24315 | F10: NOP | G10: DM | H10: 38.8 | I10: =H10-H8 -> 2.2 | J10: 48.1 | K10: =J10-J8 -> -5.3 | L10: 11.4 | M10: =L10-L8 -> 2.4 | N10: =H10-J10 -> -9.3 | O10: =N10-N8 -> 7.5 | R10: 40 | S10: 42 | T10: =R10-S10 -> -2 | U10: 57 | V10: 36 | W10: =U10-V10 -> 21 | AA10: Are you satisfied or dissatisfied with X as Y? | AE10: 41 | AF10: 47 | AG10: =AE10-AF10 -> -6 | AH10: Are you satisfied or dissatisfied with the way the Government is running the country?
B11: Aug | C11: 29-2 | D11: 24348 | F11: Gallup | G11: DT | H11: 44.5 | I11: 3.5 | J11: 44 | K11: 3 | L11: 10.5 | M11: 3 | N11: 0.5 | O11: 3 | R11: 32 | S11: 46 | T11: =R11-S11 -> -14 | U11: 52 | V11: 42 | W11: =U11-V11 -> 10 | AA11: For Con: Do you think X is or is not proving a good leader of Y? For Lab: Are you satisified or dissatisfied with X as Y? | AE11: 35 | AF11: 50 | AG11: =AE11-AF11 -> -15 | AH11: Do you approve or disapprove of the government's record to date?
B12: Sep | C12: 2-6 | D12: 24352 | F12: Gallup | G12: DT | H12: 42.5 | I12: -2 | J12: 45 | K12: 3.1 | L12: 11.5 | M12: 3.1 | N12: -2.5 | O12: 3.1 | R12: 38 | S12: 39 | T12: =R12-S12 -> -1 | U12: 52 | V12: 41 | W12: =U12-V12 -> 11 | AA12: For Con: Do you think X is or is not proving a good leader of Y? For Lab: Are you satisified or dissatisfied with X as Y? | AE12: 36 | AF12: 49 | AG12: =AE12-AF12 -> -13 | AH12: Do you approve or disapprove of the government's record to date?
B13: Sep | C13: 7-12 | D13: 24357 | F13: NOP | G13: DM | H13: 38.4 | I13: =H13-H10 -> -0.4 | J13: 50.5 | K13: =J13-J10 -> 2.4 | L13: 9.9 | M13: =L13-L10 -> -1.5 | N13: =H13-J13 -> -12.1 | O13: =N13-N10 -> -2.8 | R13: 43 | S13: 41 | T13: =R13-S13 -> 2 | U13: 61 | V13: 34 | W13: =U13-V13 -> 27 | AA13: Are you satisfied or dissatisfied with X as Y? | AE13: 44 | AF13: 48 | AG13: =AE13-AF13 -> -4 | AH13: Are you satisfied or dissatisfied with the way the Government is running the country?
B14: Sep | C14: 21-26 | D14: 24371 | F14: NOP | G14: DM | H14: 39.5 | I14: =H14-H13 -> 1.1 | J14: 46.6 | K14: =J14-J13 -> -3.9 | L14: 12.2 | M14: =L14-L13 -> 2.3 | N14: =H14-J14 -> -7.1 | O14: =N14-N13 -> 5 | R14: 42 | S14: 41 | T14: =R14-S14 -> 1 | U14: 58 | V14: 36 | W14: =U14-V14 -> 22 | X14: 62 | Y14: 16 | Z14: =X14-Y14 -> 46 | AA14: Are you satisfied or dissatisfied with X as Y? | AE14: 40 | AF14: 50 | AG14: =AE14-AF14 -> -10 | AH14: Are you satisfied or dissatisfied with the way the Government is running the country?
B15: Oct | C15: 5-10 | D15: 24385 | F15: NOP | G15: DM | H15: 36 | I15: =H15-H14 -> -3.5 | J15: 51.3 | K15: =J15-J14 -> 4.7 | L15: 11.3 | M15: =L15-L14 -> -0.9 | N15: =H15-J15 -> -15.3 | O15: =N15-N14 -> -8.2 | R15: 37 | S15: 44 | T15: =R15-S15 -> -7 | U15: 62 | V15: 32 | W15: =U15-V15 -> 30 | AA15: Are you satisfied or dissatisfied with X as Y? | AE15: 47 | AF15: 43 | AG15: =AE15-AF15 -> 4 | AH15: Are you satisfied or dissatisfied with the way the Government is running the country?
B16: Oct | F16: Gallup | G16: DT | H16: 43 | I16: 0.5 | J16: 44.5 | K16: 3 | L16: 11.5 | M16: 3 | N16: -1.5 | O16: 3 | R16: 34 | S16: 44 | T16: =R16-S16 -> -10 | U16: 47 | V16: 45 | W16: =U16-V16 -> 2 | AA16: For Con: Do you think X is or is not proving a good leader of Y? For Lab: Are you satisified or dissatisfied with X as Y? | AE16: 32 | AF16: 52 | AG16: =AE16-AF16 -> -20 | AH16: Do you approve or disapprove of the government's record to date?
B17: Nov | C17: 7-13 | D17: 24418 | F17: Gallup | G17: DT | H17: 44 | I17: 1 | J17: 42 | K17: 3.1 | L17: 12.5 | M17: 3.1 | N17: 2 | O17: 3.1 | R17: 34 | S17: 41 | T17: =R17-S17 -> -7 | U17: 46 | V17: 44 | W17: =U17-V17 -> 2 | AA17: For Con: Do you think X is or is not proving a good leader of Y? For Lab: Are you satisified or dissatisfied with X as Y? | AE17: 33 | AF17: 50 | AG17: =AE17-AF17 -> -17 | AH17: Do you approve or disapprove of the government's record to date?
B18: Nov | C18: 9-14 | D18: 24420 | F18: NOP | G18: DM | H18: 39 | I18: =H18-H15 -> 3 | J18: 46.3 | K18: =J18-J15 -> -5 | L18: 12.9 | M18: =L18-L15 -> 1.6 | N18: =H18-J18 -> -7.3 | O18: =N18-N15 -> 8 | R18: 38 | S18: 45 | T18: =R18-S18 -> -7 | U18: 54 | V18: 39 | W18: =U18-V18 -> 15 | AA18: Are you satisfied or dissatisfied with X as Y? | AE18: 38 | AF18: 52 | AG18: =AE18-AF18 -> -14 | AH18: Are you satisfied or dissatisfied with the way the Government is running the country?
B19: Nov | C19: 23-28 | D19: 24434 | F19: NOP | G19: DM | H19: 42.1 | I19: =H19-H18 -> 3.1 | J19: 46.6 | K19: =J19-J18 -> 0.3 | L19: 9.4 | M19: =L19-L18 -> -3.5 | N19: =H19-J19 -> -4.5 | O19: =N19-N18 -> 2.8 | R19: 40 | S19: 41 | T19: =R19-S19 -> -1 | U19: 56 | V19: 38 | W19: =U19-V19 -> 18 | AA19: Are you satisfied or dissatisfied with X as Y? | AE19: 42 | AF19: 48 | AG19: =AE19-AF19 -> -6 | AH19: Are you satisfied or dissatisfied with the way the Government is running the country?
B20: Dec | C20: 5-11 | D20: 24446 | F20: Gallup | G20: DT | H20: 42 | I20: -2 | J20: 46 | K20: 0.4 | L20: 10.5 | M20: 0.4 | N20: -4 | O20: 0.4 | R20: 35 | S20: 47 | T20: =R20-S20 -> -12 | U20: 51 | V20: 42 | W20: =U20-V20 -> 9 | AA20: For Con: Do you think X is or is not proving a good leader of Y? For Lab: Are you satisified or dissatisfied with X as Y? | AE20: 40 | AF20: 48 | AG20: =AE20-AF20 -> -8 | AH20: Do you approve or disapprove of the government's record to date?
B21: Dec | C21: 6-12 | D21: 24447 | F21: NOP | G21: DM | H21: 42.5 | I21: =H21-H19 -> 0.4 | J21: 47 | K21: =J21-J19 -> 0.4 | L21: 8.6 | M21: =L21-L19 -> -0.8 | N21: =H21-J21 -> -4.5 | O21: =N21-N19 -> 0 | R21: 39 | S21: 41 | T21: =R21-S21 -> -2 | U21: 58 | V21: 36 | W21: =U21-V21 -> 22 | AA21: Are you satisfied or dissatisfied with X as Y? | AE21: 43 | AF21: 48 | AG21: =AE21-AF21 -> -5 | AH21: Are you satisfied or dissatisfied with the way the Government is running the country?
A22: 1967 | B22: Jan | C22: 4-9 | D22: 24476 | F22: NOP | G22: DM | H22: 40 | I22: =H22-H21 -> -2.5 | J22: 46.4 | K22: =J22-J21 -> -0.6 | L22: 11.7 | M22: =L22-L21 -> 3.1 | N22: =H22-J22 -> -6.4 | O22: =N22-N21 -> -1.9 | R22: 39 | S22: 43 | T22: =R22-S22 -> -4 | U22: 59 | V22: 35 | W22: =U22-V22 -> 24 | AA22: Are you satisfied or dissatisfied with X as Y? | AE22: 45 | AF22: 44 | AG22: =AE22-AF22 -> 1 | AH22: Are you satisfied or dissatisfied with the way the Government is running the country?
B23: Jan | C23: 9-15 | D23: 24481 | F23: Gallup | G23: DT | H23: 42.5 | I23: 0.5 | J23: 45.5 | K23: -0.5 | L23: 10.5 | M23: 0 | N23: -3 | O23: 1 | R23: 29 | S23: 47 | T23: =R23-S23 -> -18 | U23: 51 | V23: 40 | W23: =U23-V23 -> 11 | AA23: For Con: Do you think X is or is not doing a good job as leader of Y? For Lab: Are you satisified or dissatisfied with X as Y? | AE23: 40 | AF23: 45 | AG23: =AE23-AF23 -> -5 | AH23: Do you approve or disapprove of the government's record to date?
B24: Jan | C24: 18-23 | D24: 24490 | F24: NOP | G24: DM | H24: 39 | I24: =H24-H22 -> -1 | J24: 48.2 | K24: =J24-J22 -> 1.8 | L24: 11.7 | M24: =L24-L22 -> 0 | N24: =H24-J24 -> -9.2 | O24: =N24-N22 -> -2.8 | R24: 39 | S24: 43 | T24: =R24-S24 -> -4 | U24: 59 | V24: 34 | W24: =U24-V24 -> 25 | AA24: Are you satisfied or dissatisfied with X as Y? | AE24: 44 | AF24: 46 | AG24: =AE24-AF24 -> -2 | AH24: Are you satisfied or dissatisfied with the way the Government is running the country?
B25: Feb | C25: 1-6 | D25: 24504 | F25: NOP | G25: DM | H25: 39.6 | I25: =H25-H24 -> 0.6 | J25: 47.4 | K25: =J25-J24 -> -0.8 | L25: 11.2 | M25: =L25-L24 -> -0.5 | N25: =H25-J25 -> -7.8 | O25: =N25-N24 -> 1.4 | R25: 36 | S25: 46 | T25: =R25-S25 -> -10 | U25: 61 | V25: 33 | W25: =U25-V25 -> 28 | AA25: Are you satisfied or dissatisfied with X as Y? | AE25: 47 | AF25: 43 | AG25: =AE25-AF25 -> 4 | AH25: Are you satisfied or dissatisfied with the way the Government is running the country?
B26: Feb | C26: 6-12 | D26: 24509 | F26: Gallup | G26: DT | H26: 37 | I26: -5.5 | J26: 48.5 | K26: 3 | L26: 13 | M26: 2.5 | N26: -11.5 | O26: -8.5 | R26: 24 | S26: 55 | T26: =R26-S26 -> -31 | U26: 57 | V26: 36 | W26: =U26-V26 -> 21 | X26: 51 | Y26: 7 | Z26: =X26-Y26 -> 44 | AA26: For Con: Do you think X is or is not doing a good job as leader of Y? For Lab: Are you satisified or dissatisfied with X as Y? For Lib: Do you think X is or is not a good choice as leader of Y? | AE26: 44 | AF26: 44 | AG26: =AE26-AF26 -> 0 | AH26: Do you approve or disapprove of the government's record to date?
B27: Feb | C27: 15-20 | D27: 24518 | F27: NOP | G27: DM | H27: 41.7 | I27: =H27-H25 -> 2.1 | J27: 45 | K27: =J27-J25 -> -2.4 | L27: 11.1 | M27: =L27-L25 -> -0.1 | N27: =H27-J27 -> -3.3 | O27: =N27-N25 -> 4.5 | R27: 36 | S27: 48 | T27: =R27-S27 -> -12 | U27: 59 | V27: 35 | W27: =U27-V27 -> 24 | AA27: Are you satisfied or dissatisfied with X as Y? | AE27: 44 | AF27: 45 | AG27: =AE27-AF27 -> -1 | AH27: Are you satisfied or dissatisfied with the way the Government is running the country?
B28: Mar | C28: 15-20 | D28: 24546 | F28: NOP | G28: DM | H28: 41.9 | I28: =H28-H27 -> 0.2 | J28: 47.4 | K28: =J28-J27 -> 2.4 | L28: 9.2 | M28: =L28-L27 -> -1.9 | N28: =H28-J28 -> -5.5 | O28: =N28-N27 -> -2.2 | R28: 36 | S28: 45 | T28: =R28-S28 -> -9 | U28: 55 | V28: 39 | W28: =U28-V28 -> 16 | AA28: Are you satisfied or dissatisfied with X as Y? | AE28: 42 | AF28: 49 | AG28: =AE28-AF28 -> -7 | AH28: Are you satisfied or dissatisfied with the way the Government is running the country?
B29: Mar | C29: 27-5 | D29: 24558 | F29: Gallup | G29: DT | H29: 42.5 | I29: 5.5 | J29: 42.5 | K29: -6 | L29: 12.5 | M29: -0.5 | N29: 0 | O29: 11.5 | R29: 26 | S29: 52 | T29: =R29-S29 -> -26 | U29: 53 | V29: 40 | W29: =U29-V29 -> 13 | AA29: For Con: Do you think X is or is not doing a good job as leader of Y? For Lab: Are you satisified or dissatisfied with X as Y? | AE29: 40 | AF29: 45 | AG29: =AE29-AF29 -> -5 | AH29: Do you approve or disapprove of the government's record to date?
B30: Mar | C30: 30-3 | D30: 24561 | F30: NOP | G30: DM | H30: 38.3 | I30: =H30-H28 -> -3.6 | J30: 49.3 | K30: =J30-J28 -> 1.9 | L30: 10.8 | M30: =L30-L28 -> 1.6 | N30: =H30-J30 -> -11 | O30: =N30-N28 -> -5.5 | R30: 36 | S30: 45 | T30: =R30-S30 -> -9 | U30: 58 | V30: 35 | W30: =U30-V30 -> 23 | AA30: Are you satisfied or dissatisfied with X as Y? | AE30: 45 | AF30: 43 | AG30: =AE30-AF30 -> 2 | AH30: Are you satisfied or dissatisfied with the way the Government is running the country?
B31: Apr | C31: 12-16 | D31: 24574 | F31: Gallup | G31: DT | H31: 45.5 | I31: 3 | J31: 41.5 | K31: 8.3 | L31: 11 | M31: 8.3 | N31: 4 | O31: 4 | R31: 32 | S31: 45 | T31: =R31-S31 -> -13 | U31: 52 | V31: 37 | W31: =U31-V31 -> 15 | AA31: For Con: Do you think X is or is not doing a good job as leader of Y? For Lab: Are you satisified or dissatisfied with X as Y? | AE31: 44 | AF31: 41 | AG31: =AE31-AF31 -> 3 | AH31: Do you approve or disapprove of the government's record to date?
B32: Apr | C32: 19-24 | D32: 24581 | F32: NOP | G32: DM | H32: 46.6 | I32: =H32-H30 -> 8.3 | J32: 44.3 | K32: =J32-J30 -> -5 | L32: 7.6 | M32: =L32-L30 -> -3.2 | N32: =H32-J32 -> 2.3 | O32: =N32-N30 -> 13.3 | R32: 38 | S32: 43 | T32: =R32-S32 -> -5 | U32: 54 | V32: 40 | W32: =U32-V32 -> 14 | AA32: Are you satisfied or dissatisfied with X as Y? | AE32: 39 | AF32: 51 | AG32: =AE32-AF32 -> -12 | AH32: Are you satisfied or dissatisfied with the way the Government is running the country?
B33: May | C33: 8-14 | D33: 24600 | F33: Gallup | G33: DT | H33: 46.5 | I33: 1 | J33: 40 | K33: -1.5 | L33: 12 | M33: 1 | N33: 6.5 | O33: 2.5 | R33: 35 | S33: 44 | T33: =R33-S33 -> -9 | U33: 48 | V33: 41 | W33: =U33-V33 -> 7 | AA33: For Con: Do you think X is or is not doing a good job as leader of Y? For Lab: Are you satisified or dissatisfied with X as Y? | AE33: 38 | AF33: 47 | AG33: =AE33-AF33 -> -9 | AH33: Do you approve or disapprove of the government's record to date?
B34: May | C34: 10-15 | D34: 24602 | F34: NOP | G34: DM | H34: 45.6 | I34: =H34-H32 -> -1 | J34: 43.3 | K34: =J34-J32 -> -1 | L34: 8.4 | M34: =L34-L32 -> 0.8 | N34: =H34-J34 -> 2.3 | O34: =N34-N32 -> 0 | R34: 41 | S34: 41 | T34: =R34-S34 -> 0 | U34: 53 | V34: 40 | W34: =U34-V34 -> 13 | AA34: Are you satisfied or dissatisfied with X as Y? | AE34: 39 | AF34: 52 | AG34: =AE34-AF34 -> -13 | AH34: Are you satisfied or dissatisfied with the way the Government is running the country?
B35: May | F35: ORC | G35: ES | H35: 46 | J35: 40 | L35: 11 | N35: 6
B36: Jun | C36: 5-11 | D36: 24628 | F36: Gallup | G36: DT | H36: 48 | I36: 1.5 | J36: 41 | K36: 1 | L36: 9.5 | M36: -2.5 | N36: 7 | O36: 0.5 | R36: 37 | S36: 40 | T36: =R36-S36 -> -3 | U36: 43 | V36: 43 | W36: =U36-V36 -> 0 | AA36: For Con: Do you think X is or is not doing a good job as leader of Y? For Lab: Are you satisified or dissatisfied with X as Y? | AE36: 36 | AF36: 46 | AG36: =AE36-AF36 -> -10 | AH36: Do you approve or disapprove of the government's record to date?
B37: Jun | C37: 7-12 | D37: 24630 | F37: NOP | G37: DM | H37: 42.8 | I37: =H37-H34 -> -2.8 | J37: 46 | K37: =J37-J34 -> 2.7 | L37: 9.2 | M37: =L37-L34 -> 0.8 | N37: =H37-J37 -> -3.2 | O37: =N37-N34 -> -5.5 | R37: 42 | S37: 40 | T37: =R37-S37 -> 2 | U37: 56 | V37: 36 | W37: =U37-V37 -> 20 | AA37: Are you satisfied or dissatisfied with X as Y? | AE37: 43 | AF37: 45 | AG37: =AE37-AF37 -> -2 | AH37: Are you satisfied or dissatisfied with the way the Government is running the country?
B38: Jun | C38: 22-27 | D38: 24645 | F38: NOP | G38: DM | H38: 42.2 | I38: =H38-H37 -> -0.6 | J38: 48.1 | K38: =J38-J37 -> 2.1 | L38: 8.1 | M38: =L38-L37 -> -1.1 | N38: =H38-J38 -> -5.9 | O38: =N38-N37 -> -2.7 | R38: 41 | S38: 41 | T38: =R38-S38 -> 0 | U38: 56 | V38: 37 | W38: =U38-V38 -> 19 | AA38: Are you satisfied or dissatisfied with X as Y? | AE38: 44 | AF38: 45 | AG38: =AE38-AF38 -> -1 | AH38: Are you satisfied or dissatisfied with the way the Government is running the country?
B39: Jun | F39: ORC | G39: ES | H39: 42 | I39: -4 | J39: 46 | K39: 6 | L39: 10 | M39: -1 | N39: -4 | O39: -10
B40: Jul | C40: 2-9 | D40: 24655 | F40: Gallup | G40: DT | H40: 43.5 | I40: -4.5 | J40: 41 | K40: 0 | L40: 13 | M40: 3.5 | N40: 2.5 | O40: -4.5 | R40: 32 | S40: 44 | T40: =R40-S40 -> -12 | U40: 48 | V40: 40 | W40: =U40-V40 -> 8 | AA40: For Con: Do you think X is or is not doing a good job as leader of Y? For Lab: Are you satisified or dissatisfied with X as Y? | AE40: 35 | AF40: 45 | AG40: =AE40-AF40 -> -10 | AH40: Do you approve or disapprove of the government's record to date?
B41: Jul | C41: 6-11 | D41: 24659 | F41: NOP | G41: DM | H41: 43.5 | I41: =H41-H38 -> 1.3 | J41: 45.2 | K41: =J41-J38 -> -2.9 | L41: 9.1 | M41: =L41-L38 -> 1 | N41: =H41-J41 -> -1.7 | O41: =N41-N38 -> 4.2 | R41: 42 | S41: 39 | T41: =R41-S41 -> 3 | U41: 55 | V41: 38 | W41: =U41-V41 -> 17 | AA41: Are you satisfied or dissatisfied with X as Y? | AE41: 42 | AF41: 46 | AG41: =AE41-AF41 -> -4 | AH41: Are you satisfied or dissatisfied with the way the Government is running the country?
B42: Jul | C42: 20-25 | D42: 24673 | F42: NOP | G42: DM | H42: 43.1 | I42: =H42-H41 -> -0.4 | J42: 44.1 | K42: =J42-J41 -> -1.1 | L42: 10.9 | M42: =L42-L41 -> 1.8 | N42: =H42-J42 -> -1 | O42: =N42-N41 -> 0.7 | R42: 38 | S42: 45 | T42: =R42-S42 -> -7 | U42: 54 | V42: 40 | W42: =U42-V42 -> 14 | AA42: Are you satisfied or dissatisfied with X as Y? | AE42: 39 | AF42: 51 | AG42: =AE42-AF42 -> -12 | AH42: Are you satisfied or dissatisfied with the way the Government is running the country?
B43: Jul | F43: ORC | G43: ES | H43: 40 | I43: -2 | J43: 45 | K43: -1 | L43: 12 | M43: 2 | N43: -5 | O43: -1
B44: Aug | C44: 6-13 | D44: 24690 | F44: Gallup | G44: DT | H44: 43 | I44: -0.5 | J44: 42 | K44: 1 | L44: 13 | M44: 0 | N44: 1 | O44: -1.5 | R44: 28 | S44: 50 | T44: =R44-S44 -> -22 | U44: 45 | V44: 48 | W44: =U44-V44 -> -3 | AA44: For Con: Do you think X is or is not doing a good job as leader of Y? For Lab: Are you satisified or dissatisfied with X as Y? | AE44: 33 | AF44: 50 | AG44: =AE44-AF44 -> -17 | AH44: Do you approve or disapprove of the government's record to date?
B45: Aug | C45: 16-21 | D45: 24700 | F45: NOP | G45: DM | H45: 45.9 | I45: =H45-H42 -> 2.8 | J45: 41.3 | K45: =J45-J42 -> -2.8 | L45: 10.1 | M45: =L45-L42 -> -0.8 | N45: =H45-J45 -> 4.6 | O45: =N45-N42 -> 5.6 | R45: 35 | S45: 42 | T45: =R45-S45 -> -7 | U45: 50 | V45: 43 | W45: =U45-V45 -> 7 | AA45: Are you satisfied or dissatisfied with X as Y? | AE45: 35 | AF45: 52 | AG45: =AE45-AF45 -> -17 | AH45: Are you satisfied or dissatisfied with the way the Government is running the country?
B46: Aug | F46: ORC | G46: ES | H46: 44 | I46: 4 | J46: 41 | K46: -4 | L46: 12 | M46: 0 | N46: 3 | O46: 8
B47: Aug | C47: 31-4 | D47: 24715 | F47: NOP | G47: DM | H47: 47 | I47: =H47-H45 -> 1.1 | J47: 41.5 | K47: =J47-J45 -> 0.2 | L47: 9.9 | M47: =L47-L45 -> -0.2 | N47: =H47-J47 -> 5.5 | O47: =N47-N45 -> 0.9 | R47: 37 | S47: 44 | T47: =R47-S47 -> -7 | U47: 48 | V47: 45 | W47: =U47-V47 -> 3 | AA47: Are you satisfied or dissatisfied with X as Y? | AE47: 34 | AF47: 56 | AG47: =AE47-AF47 -> -22 | AH47: Are you satisfied or dissatisfied with the way the Government is running the country?
B48: Sep | C48: 3-10 | D48: 24718 | F48: Gallup | G48: DT | H48: 45 | I48: 2 | J48: 41.5 | K48: -0.5 | L48: 10.5 | M48: -2.5 | N48: 3.5 | O48: 2.5 | R48: 31 | S48: 43 | T48: =R48-S48 -> -12 | U48: 40 | V48: 53 | W48: =U48-V48 -> -13 | AA48: For Con: Do you think X is or is not doing a good job as leader of Y? For Lab: Are you satisified or dissatisfied with X as Y? | AE48: 29 | AF48: 56 | AG48: =AE48-AF48 -> -27 | AH48: Do you approve or disapprove of the government's record to date?
B49: Sep | C49: 13-18 | D49: 24728 | F49: NOP | G49: DM | H49: 46.6 | I49: =H49-H47 -> -0.4 | J49: 40.1 | K49: =J49-J47 -> -1.4 | L49: 11 | M49: =L49-L47 -> 1.1 | N49: =H49-J49 -> 6.5 | O49: =N49-N47 -> 1 | R49: 35 | S49: 42 | T49: =R49-S49 -> -7 | U49: 47 | V49: 44 | W49: =U49-V49 -> 3 | AA49: Are you satisfied or dissatisfied with X as Y? | AE49: 31 | AF49: 58 | AG49: =AE49-AF49 -> -27 | AH49: Are you satisfied or dissatisfied with the way the Government is running the country?
B50: Sep | F50: ORC | G50: ES | H50: 45 | I50: 1 | J50: 40 | K50: -1 | L50: 11 | M50: -1 | N50: 5 | O50: 2
B51: Sep | C51: 27-2 | D51: 24742 | F51: NOP | G51: DM | H51: 43.5 | I51: =H51-H49 -> -3.1 | J51: 41.6 | K51: =J51-J49 -> 1.5 | L51: 12.3 | M51: =L51-L49 -> 1.3 | N51: =H51-J51 -> 1.9 | O51: =N51-N49 -> -4.6 | R51: 36 | S51: 46 | T51: =R51-S51 -> -10 | U51: 51 | V51: 42 | W51: =U51-V51 -> 9 | AA51: Are you satisfied or dissatisfied with X as Y? | AE51: 34 | AF51: 57 | AG51: =AE51-AF51 -> -23 | AH51: Are you satisfied or dissatisfied with the way the Government is running the country?
B52: Oct | F52: Gallup | G52: DT | H52: 45 | I52: 0 | J52: 38 | K52: -3.5 | L52: 14 | M52: 3.5 | N52: 7 | O52: 3.5 | R52: 43 | S52: 34 | T52: =R52-S52 -> 9 | U52: 34 | V52: 54 | W52: =U52-V52 -> -20 | AA52: For Con: Do you think X is or is not doing a good job as leader of Y? For Lab: Are you satisified or dissatisfied with X as Y? | AB52: 36 | AC52: 36 | AD52: Who would make the better PM: X or Y?
B53: Oct | C53: 11-6 | D53: 24756 | F53: NOP | G53: DM | H53: 42.5 | I53: =H53-H51 -> -1 | J53: 44.4 | K53: =J53-J51 -> 2.8 | L53: 10.7 | M53: =L53-L51 -> -1.6 | N53: =H53-J53 -> -1.9 | O53: =N53-N51 -> -3.8 | R53: 36 | S53: 44 | T53: =R53-S53 -> -8 | U53: 54 | V53: 38 | W53: =U53-V53 -> 16 | AA53: Are you satisfied or dissatisfied with X as Y? | AE53: 41 | AF53: 50 | AG53: =AE53-AF53 -> -9 | AH53: Are you satisfied or dissatisfied with the way the Government is running the country?
B54: Oct | F54: ORC | G54: ES | H54: 47 | I54: 2 | J54: 41 | K54: 1 | L54: 10 | M54: -1 | N54: 6 | O54: 1
B55: Nov | C55: 1-6 | D55: 24777 | F55: NOP | G55: DM | H55: 46.8 | I55: =H55-H53 -> 4.3 | J55: 38.6 | K55: =J55-J53 -> -5.8 | L55: 11.6 | M55: =L55-L53 -> 0.9 | N55: =H55-J55 -> 8.2 | O55: =N55-N53 -> 10.1 | R55: 47 | S55: 36 | T55: =R55-S55 -> 11 | U55: 49 | V55: 45 | W55: =U55-V55 -> 4 | AA55: Are you satisfied or dissatisfied with X as Y? | AE55: 34 | AF55: 58 | AG55: =AE55-AF55 -> -24 | AH55: Are you satisfied or dissatisfied with the way the Government is running the country?
B56: Nov | C56: 15-20 | D56: 24791 | F56: NOP | G56: DM | H56: 44.9 | I56: =H56-H55 -> -1.9 | J56: 38.9 | K56: =J56-J55 -> 0.3 | L56: 12.3 | M56: =L56-L55 -> 0.7 | N56: =H56-J56 -> 6 | O56: =N56-N55 -> -2.2 | R56: 45 | S56: 35 | T56: =R56-S56 -> 10 | U56: 48 | V56: 46 | W56: =U56-V56 -> 2 | AA56: Are you satisfied or dissatisfied with X as Y? | AE56: 29 | AF56: 63 | AG56: =AE56-AF56 -> -34 | AH56: Are you satisfied or dissatisfied with the way the Government is running the country?
B57: Nov | F57: Gallup | G57: DT | H57: 46.5 | I57: 1.5 | J57: 36 | K57: -2 | L57: 11.5 | M57: -2.5 | N57: 10.5 | O57: 3.5 | R57: 44 | S57: 41 | T57: =R57-S57 -> 3 | U57: 41 | V57: 51 | W57: =U57-V57 -> -10 | AA57: For Con: Do you think X is or is not doing a good job as leader of Y? For Lab: Are you satisified or dissatisfied with X as Y? | AE57: 28 | AF57: 59 | AG57: =AE57-AF57 -> -31 | AH57: Do you approve or disapprove of the government's record to date?
B58: Nov | F58: ORC | G58: ES | H58: 46 | I58: -1 | J58: 39 | K58: -2 | L58: 10 | M58: 0 | N58: 7 | O58: 1
B59: Dec | C59: 6-11 | D59: 24812 | F59: NOP | G59: DM | H59: 45.5 | I59: =H59-H56 -> 0.6 | J59: 37.8 | K59: =J59-J56 -> -1.1 | L59: 12.5 | M59: =L59-L56 -> 0.2 | N59: =H59-J59 -> 7.7 | O59: =N59-N56 -> 1.7 | R59: 44 | S59: 40 | T59: =R59-S59 -> 4 | U59: 46 | V59: 50 | W59: =U59-V59 -> -4 | AA59: Are you satisfied or dissatisfied with X as Y? | AE59: 29 | AF59: 64 | AG59: =AE59-AF59 -> -35 | AH59: Are you satisfied or dissatisfied with the way the Government is running the country?
B60: Dec | C60: 9-17 | D60: 24815 | F60: Gallup | G60: DT | H60: 49.5 | I60: 3 | J60: 32 | K60: -4 | L60: 12 | M60: 0.5 | N60: 17.5 | O60: 7 | R60: 37 | S60: 42 | T60: =R60-S60 -> -5 | U60: 34 | V60: 57 | W60: =U60-V60 -> -23 | X60: 46 | Y60: 16 | Z60: =X60-Y60 -> 30 | AA60: For Con: Do you think X is or is not doing a good job as leader of Y? For Lab: Are you satisified or dissatisfied with X as Y? For Lib: Do you think that X is or is not doing a good as Y? | AE60: 21 | AF60: 64 | AG60: =AE60-AF60 -> -43 | AH60: Do you approve or disapprove of the government's record to date?
B61: Dec | F61: ORC | G61: ES | H61: 47 | I61: 1 | J61: 36 | K61: -3 | L61: 12 | M61: 2 | N61: 11 | O61: 4
A62: 1968 | B62: Jan | C62: 6-14 | D62: 24843 | F62: Gallup | G62: DT | H62: 45 | I62: -4.5 | J62: 39.5 | K62: 7.5 | L62: 11 | M62: -1 | N62: 5.5 | O62: -12 | R62: 32 | S62: 44 | T62: =R62-S62 -> -12 | U62: 33 | V62: 54 | W62: =U62-V62 -> -21 | AA62: For Con: Do you think X is or is not proving a good leader of Y? For Lab: Are you satisified or dissatisfied with X as Y? | AE62: 23 | AF62: 55 | AG62: =AE62-AF62 -> -32 | AH62: Do you approve or disapprove of the government's record to date?
B63: Jan | C63: 24-29 | D63: 24861 | F63: NOP | G63: DM | H63: 53.6 | I63: =H63-H59 -> 8.1 | J63: 34.8 | K63: =J63-J59 -> -3 | L63: 9.9 | M63: =L63-L59 -> -2.6 | N63: =H63-J63 -> 18.8 | O63: =N63-N59 -> 11.1 | R63: 39 | S63: 44 | T63: =R63-S63 -> -5 | U63: 40 | V63: 55 | W63: =U63-V63 -> -15 | AA63: Are you satisfied or dissatisfied with X as Y? | AE63: 25 | AF63: 68 | AG63: =AE63-AF63 -> -43 | AH63: Are you satisfied or dissatisfied with the way the Government is running the country?
B64: Jan | F64: ORC | G64: ES | H64: 51 | I64: 4 | J64: 34 | K64: -2 | L64: 11 | M64: -1 | N64: 17 | O64: 6
B65: Feb | C65: 3-11 | D65: 24871 | F65: Gallup | G65: DT | H65: 52.5 | I65: 7.5 | J65: 30 | K65: -9.5 | L65: 12.5 | M65: 1.5 | N65: 22.5 | O65: 17 | R65: 31 | S65: 49 | T65: =R65-S65 -> -18 | U65: 36 | V65: 55 | W65: =U65-V65 -> -19 | AA65: For Con: Do you think X is or is not proving a good leader of Y? For Lab: Are you satisified or dissatisfied with X as Y? | AE65: 23 | AF65: 63 | AG65: =AE65-AF65 -> -40 | AH65: Do you approve or disapprove of the government's record to date?
B66: Feb | C66: 7-12 | D66: 24875 | F66: NOP | G66: DM | H66: 50.8 | I66: =H66-H63 -> -2.8 | J66: 33.6 | K66: =J66-J63 -> -1.2 | L66: 12.2 | M66: =L66-L63 -> 2.3 | N66: =H66-J66 -> 17.2 | O66: =N66-N63 -> -1.6 | R66: 38 | S66: 43 | T66: =R66-S66 -> -5 | U66: 38 | V66: 56 | W66: =U66-V66 -> -18 | AA66: Are you satisfied or dissatisfied with X as Y? | AE66: 23 | AF66: 69 | AG66: =AE66-AF66 -> -46 | AH66: Are you satisfied or dissatisfied with the way the Government is running the country?
B67: Feb | F67: ORC | G67: ES | H67: 50 | I67: -1 | J67: 34 | K67: 0 | L67: 11 | M67: 0 | N67: 16 | O67: -1
B68: Mar | F68: Gallup | G68: DT | H68: 50 | I68: -2.5 | J68: 31 | K68: 1 | L68: 15 | M68: 2.5 | N68: 19 | O68: -3.5 | R68: 29 | S68: 52 | T68: =R68-S68 -> -23 | U68: 35 | V68: 56 | W68: =U68-V68 -> -21 | AA68: For Con: Do you think X is or is not proving a good leader of Y? For Lab: Are you satisified or dissatisfied with X as Y? | AE68: 18 | AF68: 66 | AG68: =AE68-AF68 -> -48 | AH68: Do you approve or disapprove of the government's record to date?
B69: Mar | C69: 6-11 | D69: 24903 | F69: NOP | G69: DM | H69: 50 | I69: =H69-H66 -> -0.8 | J69: 35.9 | K69: =J69-J66 -> 2.3 | L69: 10.4 | M69: =L69-L66 -> -1.8 | N69: =H69-J69 -> 14.1 | O69: =N69-N66 -> -3.1 | R69: 45 | S69: 43 | T69: =R69-S69 -> 2 | U69: 41 | V69: 55 | W69: =U69-V69 -> -14 | AA69: Are you satisfied or dissatisfied with X as Y? | AE69: 27 | AF69: 68 | AG69: =AE69-AF69 -> -41 | AH69: Are you satisfied or dissatisfied with the way the Government is running the country?
B70: Mar | F70: ORC | G70: ES | H70: 48 | I70: -2 | J70: 35 | K70: 1 | L70: 12 | M70: 1 | N70: 13 | O70: -3
B71: Apr | C71: 3-8 | D71: 24931 | F71: NOP | G71: DM | H71: 55.5 | I71: =H71-H69 -> 5.5 | J71: 32.1 | K71: =J71-J69 -> -3.8 | L71: 9 | M71: =L71-L69 -> -1.4 | N71: =H71-J71 -> 23.4 | O71: =N71-N69 -> 9.3 | R71: 39 | S71: 43 | T71: =R71-S71 -> -4 | U71: 37 | V71: 58 | W71: =U71-V71 -> -21 | AA71: Are you satisfied or dissatisfied with X as Y? | AE71: 22 | AF71: 70 | AG71: =AE71-AF71 -> -48 | AH71: Are you satisfied or dissatisfied with the way the Government is running the country?
B72: Apr | F72: ORC | G72: ES | H72: 56 | I72: 8 | J72: 28 | K72: -7 | L72: 11 | M72: -1 | N72: 28 | O72: 15
B73: Apr | C73: 30-7 | D73: 24958 | F73: Gallup | G73: DT | H73: 54.5 | I73: 4.5 | J73: 30 | K73: -1 | L73: 12.5 | M73: -2.5 | N73: 24.5 | O73: 5.5 | R73: 28 | S73: 47 | T73: =R73-S73 -> -19 | U73: 31 | V73: 60 | W73: =U73-V73 -> -29 | AA73: For Con: Do you think X is or is not proving a good leader of Y? For Lab: Are you satisified or dissatisfied with X as Y? | AE73: 17 | AF73: 69 | AG73: =AE73-AF73 -> -52 | AH73: Do you approve or disapprove of the government's record to date?
B74: May | C74: 1-6 | D74: 24959 | F74: NOP | G74: DM | H74: 53.3 | I74: =H74-H71 -> -2.2 | J74: 30.9 | K74: =J74-J71 -> -1.2 | L74: 11.5 | M74: =L74-L71 -> 2.5 | N74: =H74-J74 -> 22.4 | O74: =N74-N71 -> -1 | R74: 34 | S74: 49 | T74: =R74-S74 -> -15 | U74: 34 | V74: 59 | W74: =U74-V74 -> -25 | AA74: Are you satisfied or dissatisfied with X as Y? | AE74: 21 | AF74: 71 | AG74: =AE74-AF74 -> -50 | AH74: Are you satisfied or dissatisfied with the way the Government is running the country?
B75: May | C75: 10-13 | D75: 24968 | F75: Gallup | G75: DT | H75: 56 | I75: 1.5 | J75: 28 | K75: -2 | L75: 11 | M75: -1.5 | N75: 28 | O75: 3.5 | R75: 31 | S75: 49 | T75: =R75-S75 -> -18 | U75: 27 | V75: 61 | W75: =U75-V75 -> -34 | AA75: For Con: Do you think X is or is not proving a good leader of Y? For Lab: Are you satisified or dissatisfied with X as Y? | AE75: 19 | AF75: 69 | AG75: =AE75-AF75 -> -50 | AH75: Do you approve or disapprove of the government's record to date?
B76: May | C76: 22-27 | D76: 24980 | F76: NOP | G76: DM | H76: 51.2 | I76: =H76-H74 -> -2.1 | J76: 33 | K76: =J76-J74 -> 2.1 | L76: 11.5 | M76: =L76-L74 -> 0 | N76: =H76-J76 -> 18.2 | O76: =N76-N74 -> -4.2 | R76: 36 | S76: 46 | T76: =R76-S76 -> -10 | U76: 38 | V76: 54 | W76: =U76-V76 -> -16 | AA76: Are you satisfied or dissatisfied with X as Y? | AE76: 21 | AF76: 71 | AG76: =AE76-AF76 -> -50 | AH76: Are you satisfied or dissatisfied with the way the Government is running the country?
B77: May | F77: ORC | G77: ES | H77: 54 | I77: -2 | J77: 31 | K77: 3 | L77: 11 | M77: 0 | N77: 23 | O77: -5
B78: Jun | C78: 7-9 | D78: 24996 | F78: Gallup | G78: DT | H78: 51.5 | I78: -4.5 | J78: 28 | K78: 0 | L78: 14 | M78: 3 | N78: 23.5 | O78: -4.5 | R78: 28 | S78: 51 | T78: =R78-S78 -> -23 | U78: 28 | V78: 61 | W78: =U78-V78 -> -33 | AA78: For Con: Do you think X is or is not proving a good leader of Y? For Lab: Are you satisified or dissatisfied with X as Y? | AE78: 19 | AF78: 67 | AG78: =AE78-AF78 -> -48 | AH78: Do you approve or disapprove of the government's record to date?
B79: Jun | C79: 12-17 | D79: 25001 | F79: NOP | G79: DM | H79: 52.8 | I79: =H79-H76 -> 1.6 | J79: 33.3 | K79: =J79-J76 -> 0.3 | L79: 9.3 | M79: =L79-L76 -> -2.2 | N79: =H79-J79 -> 19.5 | O79: =N79-N76 -> 1.3 | R79: 36 | S79: 46 | T79: =R79-S79 -> -10 | U79: 40 | V79: 53 | W79: =U79-V79 -> -13 | AA79: Are you satisfied or dissatisfied with X as Y? | AE79: 24 | AF79: 67 | AG79: =AE79-AF79 -> -43 | AH79: Are you satisfied or dissatisfied with the way the Government is running the country?
B80: Jun | F80: ORC | G80: ES | H80: 50 | I80: -4 | J80: 34 | K80: 3 | L80: 12 | M80: 1 | N80: 16 | O80: -7
B81: Jul | C81: 3-8 | D81: 25022 | F81: NOP | G81: DM | H81: 49.4 | I81: =H81-H79 -> -3.4 | J81: 35.5 | K81: =J81-J79 -> 2.2 | L81: 11.4 | M81: =L81-L79 -> 2.1 | N81: =H81-J81 -> 13.9 | O81: =N81-N79 -> -5.6 | R81: 33 | S81: 49 | T81: =R81-S81 -> -16 | U81: 37 | V81: 56 | W81: =U81-V81 -> -19 | AA81: Are you satisfied or dissatisfied with X as Y? | AE81: 24 | AF81: 68 | AG81: =AE81-AF81 -> -44 | AH81: Are you satisfied or dissatisfied with the way the Government is running the country?
B82: Jul | C82: 4-7 | D82: 25023 | F82: Gallup | G82: DT | H82: 50 | I82: -1.5 | J82: 30 | K82: 2 | L82: 13 | M82: -1 | N82: 20 | O82: -3.5 | R82: 28 | S82: 48 | T82: =R82-S82 -> -20 | U82: 30 | V82: 59 | W82: =U82-V82 -> -29 | AA82: For Con: Do you think X is or is not proving a good leader of Y? For Lab: Are you satisified or dissatisfied with X as Y? | AE82: 18 | AF82: 63 | AG82: =AE82-AF82 -> -45 | AH82: Do you approve or disapprove of the government's record to date?
B83: Jul | C83: 17-22 | D83: 25036 | F83: NOP | G83: DM | H83: 51.2 | I83: =H83-H81 -> 1.8 | J83: 35.7 | K83: =J83-J81 -> 0.2 | L83: 9.2 | M83: =L83-L81 -> -2.2 | N83: =H83-J83 -> 15.5 | O83: =N83-N81 -> 1.6 | R83: 32 | S83: 49 | T83: =R83-S83 -> -17 | U83: 40 | V83: 52 | W83: =U83-V83 -> -12 | AA83: Are you satisfied or dissatisfied with X as Y? | AE83: 23 | AF83: 66 | AG83: =AE83-AF83 -> -43 | AH83: Are you satisfied or dissatisfied with the way the Government is running the country?
B84: Jul | F84: ORC | G84: ES | H84: 49 | I84: -1 | J84: 34 | K84: 0 | L84: 11 | M84: -1 | N84: 15 | O84: -1
B85: Aug | F85: Gallup | G85: DT | H85: 49.5 | I85: -0.5 | J85: 34.5 | K85: 4.5 | L85: 11.5 | M85: -1.5 | N85: 15 | O85: -5 | R85: 27 | S85: 50 | T85: =R85-S85 -> -23 | U85: 30 | V85: 58 | W85: =U85-V85 -> -28 | AA85: For Con: Do you think X is or is not proving a good leader of Y? For Lab: Are you satisified or dissatisfied with X as Y? | AE85: 21 | AF85: 60 | AG85: =AE85-AF85 -> -39 | AH85: Do you approve or disapprove of the government's record to date?
B86: Aug | C86: 14-19 | D86: 25064 | F86: NOP | G86: DM | H86: 47.8 | I86: =H86-H83 -> -3.4 | J86: 37 | K86: =J86-J83 -> 1.3 | L86: 11.7 | M86: =L86-L83 -> 2.5 | N86: =H86-J86 -> 10.8 | O86: =N86-N83 -> -4.7 | R86: 33 | S86: 50 | T86: =R86-S86 -> -17 | U86: 42 | V86: 51 | W86: =U86-V86 -> -9 | AA86: Are you satisfied or dissatisfied with X as Y? | AE86: 26 | AF86: 65 | AG86: =AE86-AF86 -> -39 | AH86: Are you satisfied or dissatisfied with the way the Government is running the country?
B87: Aug | F87: ORC | G87: ES | H87: 49 | I87: 0 | J87: 37 | K87: 3 | L87: 10 | M87: -1 | N87: 12 | O87: -3
B88: Sep | C88: 4-9 | D88: 25085 | F88: NOP | G88: DM | H88: 49 | I88: =H88-H86 -> 1.2 | J88: 39.5 | K88: =J88-J86 -> 2.5 | L88: 8.7 | M88: =L88-L86 -> -3 | N88: =H88-J88 -> 9.5 | O88: =N88-N86 -> -1.3 | R88: 35 | S88: 47 | T88: =R88-S88 -> -12 | U88: 42 | V88: 51 | W88: =U88-V88 -> -9 | AA88: Are you satisfied or dissatisfied with X as Y? | AE88: 27 | AF88: 65 | AG88: =AE88-AF88 -> -38 | AH88: Are you satisfied or dissatisfied with the way the Government is running the country?
B89: Sep | C89: 12-15 | D89: 25093 | F89: Gallup | G89: DT | H89: 47 | I89: -2.5 | J89: 37 | K89: 2.5 | L89: 11.5 | M89: 0 | N89: 10 | O89: -5 | R89: 27 | S89: 52 | T89: =R89-S89 -> -25 | U89: 33 | V89: 54 | W89: =U89-V89 -> -21 | AA89: For Con: Do you think X is or is not proving a good leader of Y? For Lab: Are you satisified or dissatisfied with X as Y? | AE89: 24 | AF89: 58 | AG89: =AE89-AF89 -> -34 | AH89: Do you approve or disapprove of the government's record to date?
B90: Sep | C90: 18-23 | D90: 25099 | F90: NOP | G90: DM | H90: 47.8 | I90: =H90-H88 -> -1.2 | J90: 37.2 | K90: =J90-J88 -> -2.3 | L90: 10.8 | M90: =L90-L88 -> 2.1 | N90: =H90-J90 -> 10.6 | O90: =N90-N88 -> 1.1 | R90: 33 | S90: 47 | T90: =R90-S90 -> -14 | U90: 41 | V90: 51 | W90: =U90-V90 -> -10 | X90: 46 | Y90: 17 | Z90: =X90-Y90 -> 29 | AA90: Are you satisfied or dissatisfied with X as Y? | AE90: 27 | AF90: 63 | AG90: =AE90-AF90 -> -36 | AH90: Are you satisfied or dissatisfied with the way the Government is running the country?
B91: Sep | F91: ORC | G91: ES | H91: 51 | I91: 2 | J91: 32 | K91: -5 | L91: 13 | M91: 3 | N91: 19 | O91: 7
B92: Oct | D92: 25103 | E92: 25 | F92: Marplan | G92: TT | H92: 47.1 | J92: 39.2 | L92: 9.3 | N92: =H92-J92 -> 7.9 | P92: UK not GB? | Q92: First Times poll from Marplan
B93: Oct | F93: Gallup | G93: DT | H93: 47 | I93: 0 | J93: 39 | K93: 2 | L93: 9.5 | M93: -2 | N93: 8 | O93: -2 | R93: 27 | S93: 50 | T93: =R93-S93 -> -23 | U93: 38 | V93: 52 | W93: =U93-V93 -> -14 | AA93: For Con: Do you think X is or is not proving a good leader of Y? For Lab: Are you satisified or dissatisfied with X as Y? | AE93: 28 | AF93: 54 | AG93: =AE93-AF93 -> -26 | AH93: Do you approve or disapprove of the government's record to date?
B94: Oct | C94: 9-14 | D94: 25120 | F94: NOP | G94: DM | H94: 49.1 | I94: =H94-H90 -> 1.3 | J94: 39.7 | K94: =J94-J90 -> 2.5 | L94: 8.8 | M94: =L94-L90 -> -2 | N94: =H94-J94 -> 9.4 | O94: =N94-N90 -> -1.2 | R94: 36 | S94: 47 | T94: =R94-S94 -> -11 | U94: 43 | V94: 50 | W94: =U94-V94 -> -7 | AA94: Are you satisfied or dissatisfied with X as Y? | AE94: 30 | AF94: 61 | AG94: =AE94-AF94 -> -31 | AH94: Are you satisfied or dissatisfied with the way the Government is running the country?
B95: Oct | C95: 23-28 | D95: 25134 | F95: NOP | G95: DM | H95: 46 | I95: =H95-H94 -> -3.1 | J95: 42 | K95: =J95-J94 -> 2.3 | L95: 8.9 | M95: =L95-L94 -> 0.1 | N95: =H95-J95 -> 4 | O95: =N95-N94 -> -5.4 | R95: 37 | S95: 45 | T95: =R95-S95 -> -8 | U95: 46 | V95: 47 | W95: =U95-V95 -> -1 | AA95: Are you satisfied or dissatisfied with X as Y? | AE95: 34 | AF95: 57 | AG95: =AE95-AF95 -> -23 | AH95: Are you satisfied or dissatisfied with the way the Government is running the country?
B96: Oct | F96: ORC | G96: ES | H96: 49 | I96: -2 | J96: 37 | K96: 5 | L96: 10 | M96: -3 | N96: 12 | O96: -7
B97: Nov | C97: 6-11 | D97: 25148 | F97: NOP | G97: DM | H97: 50.8 | I97: =H97-H95 -> 4.8 | J97: 37.7 | K97: =J97-J95 -> -4.3 | L97: 8.7 | M97: =L97-L95 -> -0.2 | N97: =H97-J97 -> 13.1 | O97: =N97-N95 -> 9.1 | R97: 42 | S97: 44 | T97: =R97-S97 -> -2 | U97: 45 | V97: 50 | W97: =U97-V97 -> -5 | AA97: Are you satisfied or dissatisfied with X as Y? | AE97: 31 | AF97: 63 | AG97: =AE97-AF97 -> -32 | AH97: Are you satisfied or dissatisfied with the way the Government is running the country?
B98: Nov | C98: 7-10 | D98: 25149 | F98: Gallup | G98: DT | H98: 50.5 | I98: 3.5 | J98: 32 | K98: -7 | L98: 14 | M98: 4.5 | N98: 18.5 | O98: 10.5 | R98: 37 | S98: 40 | T98: =R98-S98 -> -3 | U98: 31 | V98: 57 | W98: =U98-V98 -> -26 | AA98: For Con: Do you think X is or is not proving a good leader of Y? For Lab: Are you satisified or dissatisfied with X as Y? | AE98: 20 | AF98: 60 | AG98: =AE98-AF98 -> -40 | AH98: Do you approve or disapprove of the government's record to date?
B99: Nov | F99: ORC | G99: ES | H99: 47 | I99: -2 | J99: 38 | K99: 1 | L99: 11 | M99: 1 | N99: 9 | O99: -3
B100: Dec | C100: 5-9 | D100: 25177 | F100: Gallup | G100: DT | H100: 55 | I100: 4.5 | J100: 29.5 | K100: -2.5 | L100: 11 | M100: -3 | N100: 25.5 | O100: 7 | R100: 30 | S100: 49 | T100: =R100-S100 -> -19 | U100: 28 | V100: 61 | W100: =U100-V100 -> -33 | AA100: For Con: Do you think X is or is not proving a good leader of Y? For Lab: Are you satisified or dissatisfied with X as Y? | AE100: 17 | AF100: 70 | AG100: =AE100-AF100 -> -53 | AH100: Do you approve or disapprove of the government's record to date?
...

Sheet 70-74
A1: Year | B1: Month | C1: Fieldwork | E1: Published | F1: Polling | G1: Publisher | H1: Con | J1: Lab | L1: LD | N1: Con lead | Q1: Leader: | R1: Con good | S1: Con bad | T1: Con net | U1: Lab good | V1: Lab bad | W1: Lab net | X1: LD good | Y1: LD bad | Z1: LD net | AA1: Question | AC1: Govt good | AD1: Govt bad | AE1: Govt net | AF1: Question
A2: 1970 | B2: Jul | C2: 7-13 | D2: 25756 | F2: NOP | G2: DM | H2: 51.2 | J2: 40.4 | L2: 6.5 | N2: =H2-J2 -> 10.8 | R2: 51 | S2: 27 | T2: =R2-S2 -> 24 | U2: 64 | V2: 22 | W2: =U2-V2 -> 42 | AA2: Are you satisfied or dissatisfied with X as Prime Minister / the way X is doing his/her job as as Leader of the Opposition? | AC2: 40 | AD2: 15 | AE2: =AC2-AD2 -> 25 | AF2: Are you satisified or dissatisfied with the way the government is running the country?
B3: Jul | F3: ORC | G3: ES | H3: 51 | J3: 40 | L3: 8 | N3: 11 | P3: Butler Political Facts 5th edition inconsistent on whether ORC poll leads given from here to Oct 76 excl DKs. Most likely they do
B4: Aug | C4: 11-17 | D4: 25791 | F4: NOP | G4: DM | H4: 47.3 | I4: =H4-H2 -> -3.9 | J4: 44.2 | K4: =J4-J2 -> 3.8 | L4: 6.9 | M4: =L4-L2 -> 0.4 | N4: =H4-J4 -> 3.1 | O4: =N4-N2 -> -7.7 | R4: 51 | S4: 31 | T4: =R4-S4 -> 20 | U4: 65 | V4: 23 | W4: =U4-V4 -> 42 | AA4: Are you satisfied or dissatisfied with X as Prime Minister / the way X is doing his/her job as as Leader of the Opposition? | AC4: 37 | AD4: 30 | AE4: =AC4-AD4 -> 7 | AF4: Are you satisified or dissatisfied with the way the government is running the country?
B5: Aug | C5: 13-16 | D5: 25793 | F5: Gallup | G5: DT | H5: 47 | J5: 43.5 | L5: 7.5 | N5: 3.5 | R5: 35 | S5: 27 | T5: =R5-S5 -> 8 | U5: 59 | V5: 24 | W5: =U5-V5 -> 35 | AA5: For Con: Are you satisified or dissatisfied with X as Y? (Includes 'too early to say' as an option) For Lab: Do you think X is or is not proving a good leader of Y? | AC5: 21 | AD5: 24 | AE5: =AC5-AD5 -> -3 | AF5: Do you approve or disapprove of the government's record to date? (Includes 'too early to say' as an option)
B6: Aug | F6: ORC | G6: ES | H6: 49 | I6: -2 | J6: 41 | K6: 1 | L6: 8 | M6: 0 | N6: 8 | O6: -3
B7: Sep | C7: 10-13 | D7: 25821 | F7: Gallup | G7: DT | H7: 46.5 | I7: -0.5 | J7: 44 | K7: 0.5 | L7: 8 | M7: 0.5 | N7: 2.5 | O7: -1
B8: Sep | F8: ORC | G8: ES | H8: 50 | I8: 1 | J8: 42 | K8: 1 | L8: 6 | M8: -2 | N8: 8 | O8: 0
B9: Sep | F9: Harris | G9: DE | H9: 49 | J9: 45 | L9: 5 | N9: 4
B10: Oct | C10: 13-18 | D10: 25854 | F10: NOP | G10: DM | H10: 45.8 | I10: =H10-H4 -> -1.5 | J10: 46.6 | K10: =J10-J4 -> 2.4 | L10: 6.7 | M10: =L10-L4 -> -0.2 | N10: =H10-J10 -> -0.8 | O10: =N10-N4 -> -3.9 | R10: 50 | S10: 35 | T10: =R10-S10 -> 15 | U10: 57 | V10: 21 | W10: =U10-V10 -> 36 | AA10: Are you satisfied or dissatisfied with X as Prime Minister / the way X is doing his/her job as as Leader of the Opposition? | AC10: 39 | AD10: 37 | AE10: =AC10-AD10 -> 2 | AF10: Are you satisified or dissatisfied with the way the government is running the country?
B11: Oct | C11: 16-18 | D11: 25857 | F11: Gallup | G11: DT | H11: 46.5 | I11: 0 | J11: 46.5 | K11: 2.5 | L11: 6.5 | M11: -1.5 | N11: 0 | O11: -2.5 | R11: 42 | S11: 27 | T11: =R11-S11 -> 15 | U11: 62 | V11: 22 | W11: =U11-V11 -> 40 | AA11: For Con: Are you satisified or dissatisfied with X as Y? (Includes 'too early to say' as an option) For Lab: Do you think X is or is not proving a good leader of Y? | AC11: 29 | AD11: 26 | AE11: =AC11-AD11 -> 3 | AF11: Do you approve or disapprove of the government's record to date? (Includes 'too early to say' as an option)
B12: Oct | F12: ORC | G12: ES | H12: 48 | I12: -2 | J12: 43 | K12: 1 | L12: 7 | M12: 1 | N12: 5 | O12: -3
B13: Oct | F13: Harris | G13: DE | H13: 48 | I13: -1 | J13: 44 | K13: -1 | L13: 7 | M13: 2 | N13: 4 | O13: 0
B14: Nov | C14: 12-15 | D14: 25884 | F14: Gallup | G14: DT | H14: 43.5 | I14: -3 | J14: 48 | K14: 1.5 | L14: 6.5 | M14: 0 | N14: -4.5 | O14: -4.5 | R14: 39 | S14: 45 | T14: =R14-S14 -> -6 | U14: 66 | V14: 21 | W14: =U14-V14 -> 45 | AA14: For Con: Are you satisified or dissatisfied with X as Y? For Lab: Do you think X is or is not proving a good leader of Y? | AC14: 31 | AD14: 47 | AE14: =AC14-AD14 -> -16 | AF14: Do you approve or disapprove of the government's record to date? (Includes 'too early to say' as an option)
B15: Nov | F15: ORC | G15: ES | H15: 51 | I15: 3 | J15: 40 | K15: -3 | L15: 7 | M15: 0 | N15: 11 | O15: 6
B16: Nov | F16: Harris | G16: DE | H16: 45 | I16: -3 | J16: 48 | K16: 4 | L16: 7 | M16: 0 | N16: -3 | O16: -7
B17: Dec | C17: 10-13 | D17: 25912 | F17: Gallup | G17: DT | H17: 46 | I17: 2.5 | J17: 44.5 | K17: -3.5 | L17: 6 | M17: -0.5 | N17: 1.5 | O17: 6 | R17: 45 | S17: 42 | T17: =R17-S17 -> 3 | U17: 59 | V17: 28 | W17: =U17-V17 -> 31 | AA17: For Con: Are you satisified or dissatisfied with X as Y? For Lab: Do you think X is or is not proving a good leader of Y? | AC17: 37 | AD17: 43 | AE17: =AC17-AD17 -> -6 | AF17: Do you approve or disapprove of the government's record to date? (Includes 'too early to say' as an option)
B18: Dec | F18: ORC | G18: ES | H18: 41.5 | I18: -9.5 | J18: 47 | K18: 7 | L18: 9.5 | M18: 2.5 | N18: -5.5 | O18: -16.5
A19: 1971 | B19: Jan | C19: 12-19 | D19: 25945 | F19: NOP | G19: DM | H19: 46.3 | I19: =H19-H10 -> 0.5 | J19: 44.3 | K19: =J19-J10 -> -2.3 | L19: 8.3 | M19: =L19-L10 -> 1.6 | N19: =H19-J19 -> 2 | O19: =N19-N10 -> 2.8 | R19: 45 | S19: 43 | T19: =R19-S19 -> 2 | U19: 52 | V19: 32 | W19: =U19-V19 -> 20 | AA19: Are you satisfied or dissatisfied with X as Prime Minister / the way X is doing his/her job as as Leader of the Opposition? | AC19: 39 | AD19: 46 | AE19: =AC19-AD19 -> -7 | AF19: Are you satisified or dissatisfied with the way the government is running the country?
B20: Jan | C20: 14-17 | D20: 25947 | F20: Gallup | G20: DT | H20: 42.5 | I20: -3.5 | J20: 47 | K20: 2.5 | L20: 8.5 | M20: 2.5 | N20: -4.5 | O20: -6 | R20: 41 | S20: 46 | T20: =R20-S20 -> -5 | U20: 61 | V20: 24 | W20: =U20-V20 -> 37 | AA20: For Con: Are you satisified or dissatisfied with X as Y? For Lab: Do you think X is or is not proving a good leader of Y? | AC20: 35 | AD20: 44 | AE20: =AC20-AD20 -> -9 | AF20: Do you approve or disapprove of the government's record to date? (Includes 'too early to say' as an option)
B21: Jan | F21: ORC | G21: ES | H21: 45 | I21: 3.5 | J21: 45 | K21: -2 | L21: 9 | M21: -0.5 | N21: 0 | O21: 5.5
B22: Jan | F22: Harris | G22: DE | H22: 42 | I22: -3 | J22: 49 | K22: 1 | L22: 8 | M22: 1 | N22: -7 | O22: -4
B23: Feb | C23: 8-14 | D23: 25972 | F23: Gallup | G23: DT | H23: 41.5 | I23: -1 | J23: 49 | K23: 2 | L23: 8 | M23: -0.5 | N23: -7.5 | O23: -3 | R23: 37 | S23: 49 | T23: =R23-S23 -> -12 | U23: 61 | V23: 26 | W23: =U23-V23 -> 35 | AA23: For Con: Are you satisified or dissatisfied with X as Y? For Lab: Do you think X is or is not proving a good leader of Y? | AC23: 31 | AD23: 50 | AE23: =AC23-AD23 -> -19 | AF23: Do you approve or disapprove of the government's record to date?
B24: Feb | F24: ORC | G24: ES | H24: 41.5 | I24: -3.5 | J24: 48 | K24: 3 | L24: 9 | M24: 0 | N24: -6.5 | O24: -6.5
B25: Feb | F25: Harris | G25: DE | H25: 41 | I25: -1 | J25: 49 | K25: 0 | L25: 8 | M25: 0 | N25: -8 | O25: -1
B26: Mar | C26: 9-15 | D26: 26001 | F26: NOP | G26: DM | H26: 39.9 | I26: =H26-H19 -> -6.4 | J26: 50.4 | K26: =J26-J19 -> 6.1 | L26: 8.9 | M26: =L26-L19 -> 0.6 | N26: =H26-J26 -> -10.5 | O26: =N26-N19 -> -12.5 | R26: 40 | S26: 52 | T26: =R26-S26 -> -12 | U26: 51 | V26: 32 | W26: =U26-V26 -> 19 | AA26: Are you satisfied or dissatisfied with X as Prime Minister / the way X is doing his/her job as as Leader of the Opposition? | AC26: 35 | AD26: 54 | AE26: =AC26-AD26 -> -19 | AF26: Are you satisified or dissatisfied with the way the government is running the country?
B27: Mar | C27: 11-14 | D27: 26003 | F27: Gallup | G27: DT | H27: 38.5 | I27: -3 | J27: 50.5 | K27: 1.5 | L27: 8 | M27: 0 | N27: -12 | O27: -4.5 | R27: 38 | S27: 50 | T27: =R27-S27 -> -12 | U27: 59 | V27: 28 | W27: =U27-V27 -> 31 | AA27: For Con: Are you satisified or dissatisfied with X as Y? For Lab: Do you think X is or is not proving a good leader of Y? | AC27: 33 | AD27: 49 | AE27: =AC27-AD27 -> -16 | AF27: Do you approve or disapprove of the government's record to date?
B28: Mar | F28: ORC | G28: ES | H28: 41 | I28: -0.5 | J28: 46 | K28: -2 | L28: 11 | M28: 2 | N28: -5 | O28: 1.5
B29: Mar | F29: Harris | G29: DE | H29: 42 | I29: 1 | J29: 49 | K29: 0 | L29: 8 | M29: 0 | N29: -7 | O29: 1
B30: Apr | C30: 1-4 | D30: 26024 | F30: Gallup | G30: DT | H30: 44.5 | I30: 6 | J30: 48 | K30: -2.5 | L30: 6 | M30: -2 | N30: -3.5 | O30: 8.5
B31: Apr | C31: 8-13 | D31: 26031 | F31: Gallup | G31: DT | H31: 44 | I31: -0.5 | J31: 45.5 | K31: -2.5 | L31: 9.5 | M31: 3.5 | N31: -1.5 | O31: 2 | R31: 43 | S31: 43 | T31: =R31-S31 -> 0 | U31: 57 | V31: 27 | W31: =U31-V31 -> 30 | AA31: For Con: Are you satisified or dissatisfied with X as Y? For Lab: Do you think X is or is not proving a good leader of Y? | AC31: 40 | AD31: 41 | AE31: =AC31-AD31 -> -1 | AF31: Do you approve or disapprove of the government's record to date?
B32: Apr | C32: 13-19 | D32: 26036 | F32: NOP | G32: DM | H32: 42 | I32: =H32-H26 -> 2.1 | J32: 48.8 | K32: =J32-J26 -> -1.6 | L32: 7.3 | M32: =L32-L26 -> -1.6 | N32: =H32-J32 -> -6.8 | O32: =N32-N26 -> 3.7 | R32: 42 | S32: 50 | T32: =R32-S32 -> -8 | U32: 51 | V32: 31 | W32: =U32-V32 -> 20 | AA32: Are you satisfied or dissatisfied with X as Prime Minister / the way X is doing his/her job as as Leader of the Opposition? | AC32: 39 | AD32: 48 | AE32: =AC32-AD32 -> -9 | AF32: Are you satisified or dissatisfied with the way the government is running the country?
B33: Apr | F33: ORC | G33: ES | H33: 48.5 | I33: 7.5 | J33: 41.5 | K33: -4.5 | L33: 8.5 | M33: -2.5 | N33: 7 | O33: 12
B34: Apr | F34: Harris | G34: DE | H34: 44 | I34: 2 | J34: 47 | K34: -2 | L34: 7 | M34: -1 | N34: -3 | O34: 4
B35: May | C35: ?-3 | D35: 26050 | F35: NOP | R35: 44 | S35: 47 | T35: =R35-S35 -> -3 | U35: 56 | V35: 30 | W35: =U35-V35 -> 26 | AA35: Are you satisfied or dissatisfied with X as Prime Minister / the way X is doing his/her job as as Leader of the Opposition? | AC35: 43 | AD35: 46 | AE35: =AC35-AD35 -> -3 | AF35: Are you satisified or dissatisfied with the way the government is running the country?
B36: May | C36: 13-16 | D36: 26066 | F36: Gallup | G36: DT | H36: 38 | I36: -6 | J36: 50 | K36: 4.5 | L36: 9.5 | M36: 0 | N36: -12 | O36: -10.5 | R36: 35 | S36: 55 | T36: =R36-S36 -> -20 | U36: 61 | V36: 26 | W36: =U36-V36 -> 35 | AA36: For Con: Are you satisified or dissatisfied with X as Y? For Lab: Do you think X is or is not proving a good leader of Y? | AC36: 31 | AD36: 54 | AE36: =AC36-AD36 -> -23 | AF36: Do you approve or disapprove of the government's record to date?
B37: May | C37: ?-24 | D37: 26041 | F37: NOP | G37: DM | H37: 40.7 | I37: =H37-H32 -> -1.3 | J37: 51.7 | K37: =J37-J32 -> 2.9 | L37: 6.6 | M37: =L37-L32 -> -0.7 | N37: =H37-J37 -> -11 | O37: =N37-N32 -> -4.2 | R37: 37 | S37: 52 | T37: =R37-S37 -> -15 | U37: 53 | V37: 29 | W37: =U37-V37 -> 24 | AA37: Are you satisfied or dissatisfied with X as Prime Minister / the way X is doing his/her job as as Leader of the Opposition? | AC37: 32 | AD37: 55 | AE37: =AC37-AD37 -> -23 | AF37: Are you satisified or dissatisfied with the way the government is running the country?
B38: May | F38: ORC | G38: ES | H38: 45 | I38: -3.5 | J38: 45 | K38: 3.5 | L38: 8 | M38: -0.5 | N38: 0 | O38: -7
B39: May | F39: Harris | G39: DE | H39: 39 | I39: -5 | J39: 54 | K39: 7 | L39: 7 | M39: 0 | N39: -15 | O39: -12
B40: Jun | C40: 8-14 | D40: 26092 | F40: NOP | G40: DM | H40: 38.3 | I40: =H40-H37 -> -2.4 | J40: 52 | K40: =J40-J37 -> 0.3 | L40: 7.9 | M40: =L40-L37 -> 1.3 | N40: =H40-J40 -> -13.7 | O40: =N40-N37 -> -2.7 | R40: 37 | S40: 54 | T40: =R40-S40 -> -17 | U40: 50 | V40: 33 | W40: =U40-V40 -> 17 | AA40: Are you satisfied or dissatisfied with X as Prime Minister / the way X is doing his/her job as as Leader of the Opposition? | AC40: 31 | AD40: 58 | AE40: =AC40-AD40 -> -27 | AF40: Are you satisified or dissatisfied with the way the government is running the country?
B41: Jun | C41: 10-13 | D41: 26094 | F41: Gallup | G41: DT | H41: 36 | I41: -2 | J41: 54 | K41: 4 | L41: 8 | M41: -1.5 | N41: -18 | O41: -6 | R41: 31 | S41: 57 | T41: =R41-S41 -> -26 | U41: 58 | V41: 24 | W41: =U41-V41 -> 34 | AA41: For Con: Are you satisified or dissatisfied with X as Y? For Lab: Do you think X is or is not proving a good leader of Y? | AC41: 22 | AD41: 58 | AE41: =AC41-AD41 -> -36 | AF41: Do you approve or disapprove of the government's record to date?
B42: Jun | F42: ORC | G42: ES | H42: 40 | I42: -5 | J42: 51 | K42: 6 | L42: 7 | M42: -1 | N42: -11 | O42: -11
B43: Jun | F43: Harris | G43: DE | H43: 36 | I43: -3 | J43: 57 | K43: 3 | L43: 5 | M43: -2 | N43: -21 | O43: -6
B44: Jul | C44: 6-12 | D44: 26120 | F44: NOP | G44: DM | H44: 38.1 | I44: =H44-H40 -> -0.2 | J44: 53.7 | K44: =J44-J40 -> 1.7 | L44: 7.6 | M44: =L44-L40 -> -0.3 | N44: =H44-J44 -> -15.6 | O44: =N44-N40 -> -1.9 | R44: 36 | S44: 57 | T44: =R44-S44 -> -21 | U44: 48 | V44: 38 | W44: =U44-V44 -> 10 | AA44: Are you satisfied or dissatisfied with X as Prime Minister / the way X is doing his/her job as as Leader of the Opposition? | AC44: 33 | AD44: 57 | AE44: =AC44-AD44 -> -24 | AF44: Are you satisified or dissatisfied with the way the government is running the country?
B45: Jul | C45: 9-12 | D45: 26123 | F45: Gallup | G45: DT | H45: 33.5 | I45: -2.5 | J45: 55 | K45: 1 | L45: 8.5 | M45: 0.5 | N45: -21.5 | O45: -3.5 | R45: 32 | S45: 58 | T45: =R45-S45 -> -26 | U45: 58 | V45: 30 | W45: =U45-V45 -> 28 | AA45: For Con: Are you satisified or dissatisfied with X as Y? For Lab: Do you think X is or is not proving a good leader of Y? | AC45: 26 | AD45: 57 | AE45: =AC45-AD45 -> -31 | AF45: Do you approve or disapprove of the government's record to date?
B46: Jul | F46: ORC | G46: ES | H46: 39 | I46: -1 | J46: 50 | K46: -1 | L46: 8 | M46: 1 | N46: -11 | O46: 0
B47: Jul | F47: Harris | G47: DE | H47: 42 | I47: 6 | J47: 51 | K47: -6 | L47: 7 | M47: 2 | N47: -9 | O47: 12
B48: Aug | C48: 11-15 | D48: 26156 | F48: Gallup | G48: DT | H48: 42 | I48: 8.5 | J48: 48.5 | K48: -6.5 | L48: 7 | M48: -1.5 | N48: -6.5 | O48: 15 | R48: 37 | S48: 52 | T48: =R48-S48 -> -15 | U48: 51 | V48: 35 | W48: =U48-V48 -> 16 | AA48: For Con: Are you satisified or dissatisfied with X as Y? For Lab: Do you think X is or is not proving a good leader of Y? | AC48: 35 | AD48: 49 | AE48: =AC48-AD48 -> -14 | AF48: Do you approve or disapprove of the government's record to date?
B49: Aug | F49: ORC | G49: ES | H49: 42 | I49: 3 | J49: 47 | K49: -3 | L49: 9 | M49: 1 | N49: -5 | O49: 6
B50: Aug | F50: Harris | G50: DE | H50: 42 | I50: 0 | J50: 50 | K50: -1 | L50: 7 | M50: 0 | N50: -8 | O50: 1
B51: Sep | C51: 14-20 | D51: 26190 | F51: NOP | G51: DM | H51: 41.8 | I51: =H51-H44 -> 3.7 | J51: 49.3 | K51: =J51-J44 -> -4.4 | L51: 7.9 | M51: =L51-L44 -> 0.3 | N51: =H51-J51 -> -7.5 | O51: =N51-N44 -> 8.1 | R51: 34 | S51: 49 | T51: =R51-S51 -> -15 | U51: 50 | V51: 37 | W51: =U51-V51 -> 13 | AA51: Are you satisfied or dissatisfied with X as Prime Minister / the way X is doing his/her job as as Leader of the Opposition? | AC51: 40 | AD51: 48 | AE51: =AC51-AD51 -> -8 | AF51: Are you satisified or dissatisfied with the way the government is running the country?
B52: Sep | C52: 16-20 | D52: 26192 | F52: Gallup | G52: DT | H52: 35 | I52: -7 | J52: 54 | K52: 5.5 | L52: 8.5 | M52: 1.5 | N52: -19 | O52: -12.5 | R52: 32 | S52: 55 | T52: =R52-S52 -> -23 | U52: 57 | V52: 31 | W52: =U52-V52 -> 26 | AA52: For Con: Are you satisified or dissatisfied with X as Y? For Lab: Do you think X is or is not proving a good leader of Y? | AC52: 30 | AD52: 52 | AE52: =AC52-AD52 -> -22 | AF52: Do you approve or disapprove of the government's record to date?
B53: Sep | F53: ORC | G53: ES | H53: 42 | I53: 0 | J53: 46 | K53: -1 | L53: 9 | M53: 0 | N53: -4 | O53: 1
B54: Sep | F54: Harris | G54: DE | H54: 42 | I54: 0 | J54: 50 | K54: 0 | L54: 7 | M54: 0 | N54: -8 | O54: 0
B55: Oct | C55: 13-17 | D55: 26219 | F55: Gallup | G55: DT | H55: 40 | I55: 5 | J55: 50 | K55: -4 | L55: 8 | M55: -0.5 | N55: -10 | O55: 9 | R55: 35 | S55: 54 | T55: =R55-S55 -> -19 | U55: 54 | V55: 34 | W55: =U55-V55 -> 20 | AA55: For Con: Are you satisified or dissatisfied with X as Y? For Lab: Do you think X is or is not proving a good leader of Y? | AC55: 32 | AD55: 50 | AE55: =AC55-AD55 -> -18 | AF55: Do you approve or disapprove of the government's record to date?
B56: Oct | F56: ORC | G56: ES | H56: 42 | I56: 0 | J56: 48 | K56: 2 | L56: 8 | M56: -1 | N56: -6 | O56: -2
B57: Oct | F57: Harris | G57: DE | H57: 40 | I57: -2 | J57: 52 | K57: 2 | L57: 7 | M57: 0 | N57: -12 | O57: -4
B58: Nov | C58: 10-14 | D58: 26247 | F58: Gallup | G58: DT | H58: 42.5 | I58: 2.5 | J58: 48.5 | K58: -1.5 | L58: 7 | M58: -1 | N58: -6 | O58: 4 | R58: 38 | S58: 50 | T58: =R58-S58 -> -12 | U58: 52 | V58: 36 | W58: =U58-V58 -> 16 | AA58: For Con: Are you satisified or dissatisfied with X as Y? For Lab: Do you think X is or is not proving a good leader of Y? | AC58: 35 | AD58: 44 | AE58: =AC58-AD58 -> -9 | AF58: Do you approve or disapprove of the government's record to date?
B59: Nov | C59: 23-29 | D59: 26260 | F59: NOP | G59: DM | H59: 38.8 | I59: =H59-H51 -> -3 | J59: 51.8 | K59: =J59-J51 -> 2.5 | L59: 8.4 | M59: =L59-L51 -> 0.5 | N59: =H59-J59 -> -13 | O59: =N59-N51 -> -5.5 | R59: 37 | S59: 54 | T59: =R59-S59 -> -17 | U59: 53 | V59: 34 | W59: =U59-V59 -> 19 | AA59: Are you satisfied or dissatisfied with X as Prime Minister / the way X is doing his/her job as as Leader of the Opposition? | AC59: 35 | AD59: 54 | AE59: =AC59-AD59 -> -19 | AF59: Are you satisified or dissatisfied with the way the government is running the country?
B60: Nov | F60: ORC | G60: ES | H60: 40 | I60: -2 | J60: 51 | K60: 3 | L60: 7.5 | M60: -1.5 | N60: -11 | O60: -5
B61: Nov | F61: Harris | G61: DE | H61: 38 | I61: -2 | J61: 54 | K61: 2 | L61: 7 | M61: 0 | N61: -16 | O61: -4
B62: Dec | C62: 8-12 | D62: 26275 | F62: Gallup | G62: DT | H62: 42 | I62: -0.5 | J62: 48 | K62: -0.5 | L62: 7.5 | M62: 0.5 | N62: -6 | O62: 0 | R62: 39 | S62: 51 | T62: =R62-S62 -> -12 | U62: 54 | V62: 32 | W62: =U62-V62 -> 22 | AA62: For Con: Are you satisified or dissatisfied with X as Y? For Lab: Do you think X is or is not proving a good leader of Y? | AC62: 34 | AD62: 48 | AE62: =AC62-AD62 -> -14 | AF62: Do you approve or disapprove of the government's record to date?
B63: Dec | F63: ORC | G63: ES | H63: 39.5 | I63: -0.5 | J63: 49.5 | K63: -1.5 | L63: 9 | M63: 1.5 | N63: -10 | O63: 1
A64: 1972 | B64: Jan | C64: 11-16 | D64: 26309 | F64: NOP | G64: DM | H64: 42.7 | I64: =H64-H59 -> 3.9 | J64: 49.4 | K64: =J64-J59 -> -2.4 | L64: 6.8 | M64: =L64-L59 -> -1.6 | N64: =H64-J64 -> -6.7 | O64: =N64-N59 -> 6.3 | R64: 40.6 | S64: 50.5 | T64: =R64-S64 -> -9.9 | U64: 50 | V64: 36.1 | W64: =U64-V64 -> 13.9 | AA64: Are you satisfied or dissatisfied with X as Prime Minister / the way X is doing his/her job as as Leader of the Opposition? | AC64: 39.3 | AD64: 49.9 | AE64: =AC64-AD64 -> -10.6 | AF64: Are you satisified or dissatisfied with the way the government is running the country?
B65: Jan | C65: 12-16 | D65: 26310 | F65: Gallup | G65: DT | H65: 40.5 | I65: -1.5 | J65: 48 | K65: 0 | L65: 9 | M65: 1.5 | N65: -7.5 | O65: -1.5 | R65: 39 | S65: 51 | T65: =R65-S65 -> -12 | U65: 54 | V65: 29 | W65: =U65-V65 -> 25 | AA65: For Con: Are you satisified or dissatisfied with X as Y? For Lab: Do you think X is or is not proving a good leader of Y? | AC65: 37 | AD65: 45 | AE65: =AC65-AD65 -> -8 | AF65: Do you approve or disapprove of the government's record to date?
B66: Jan | C66: 24-30 | D66: 26322 | F66: NOP | G66: DM | H66: 39.1 | I66: =H66-H64 -> -3.6 | J66: 49.8 | K66: =J66-J64 -> 0.4 | L66: 9.6 | M66: =L66-L64 -> 2.8 | N66: =H66-J66 -> -10.7 | O66: =N66-N64 -> -4 | R66: 39 | S66: 54 | T66: =R66-S66 -> -15 | U66: 51 | V66: 35 | W66: =U66-V66 -> 16 | AA66: Are you satisfied or dissatisfied with X as Prime Minister / the way X is doing his/her job as as Leader of the Opposition? | AC66: 33 | AD66: 56 | AE66: =AC66-AD66 -> -23 | AF66: Are you satisified or dissatisfied with the way the government is running the country?
B67: Jan | F67: ORC | G67: ES | H67: 43 | I67: 3.5 | J67: 47 | K67: -2.5 | L67: 8 | M67: -1 | N67: -4 | O67: 6
B68: Jan | F68: Harris | G68: DE | H68: 43 | I68: 5 | J68: 49 | K68: -5 | L68: 7 | M68: 0 | N68: -6 | O68: -10
B69: Feb | C69: 9-13 | D69: 26338 | F69: Gallup | G69: DT | H69: 40.5 | I69: 0 | J69: 49 | K69: 1 | L69: 8.5 | M69: -0.5 | N69: -8.5 | O69: -1 | R69: 37 | S69: 55 | T69: =R69-S69 -> -18 | U69: 53 | V69: 34 | W69: =U69-V69 -> 19 | AA69: For Con: Are you satisified or dissatisfied with X as Y? For Lab: Do you think X is, or is not,proving a good leader of Y? | AC69: 32 | AD69: 55 | AE69: =AC69-AD69 -> -23 | AF69: Do you approve or disapprove of the government's record to date?
B70: Feb | C70: 15-20 | D70: 26344 | F70: NOP | G70: DM | H70: 42 | I70: =H70-H66 -> 2.9 | J70: 49 | K70: =J70-J66 -> -0.8 | L70: 8 | M70: =L70-L66 -> -1.6 | N70: =H70-J70 -> -7 | O70: =N70-N66 -> 3.7 | R70: 36 | S70: 57 | T70: =R70-S70 -> -21 | U70: 47 | V70: 43 | W70: =U70-V70 -> 4 | AA70: Are you satisfied or dissatisfied with X as Prime Minister / the way X is doing his/her job as as Leader of the Opposition? | AC70: 37 | AD70: 53 | AE70: =AC70-AD70 -> -16 | AF70: Are you satisified or dissatisfied with the way the government is running the country?
B71: Feb | F71: ORC | G71: ES | H71: 35 | I71: -8 | J71: 55 | K71: 8 | L71: 8 | M71: 0 | N71: -20 | O71: -16
B72: Feb | F72: Harris | G72: DE | H72: 39 | I72: -4 | J72: 53 | K72: 4 | L72: 7 | M72: 0 | N72: -14 | O72: -8
B73: Mar | C73: 8-12 | D73: 26366 | F73: Gallup | G73: DT | H73: 39.5 | I73: -1 | J73: 48.5 | K73: -0.5 | L73: 9.5 | M73: 1 | N73: -9 | O73: -0.5 | R73: 36 | S73: 56 | T73: =R73-S73 -> -20 | U73: 51 | V73: 37 | W73: =U73-V73 -> 14 | AA73: For Con: Are you satisified or dissatisfied with X as Y? For Lab: Do you think X is or is not proving a good leader of Y? | AC73: 35 | AD73: 49 | AE73: =AC73-AD73 -> -14 | AF73: Do you approve or disapprove of the government's record to date?
B74: Mar | F74: ORC | G74: ES | H74: 39 | I74: 4 | J74: 49 | K74: -6 | L74: 10 | M74: 2 | N74: -10 | O74: 10
B75: Mar | F75: Harris | G75: DE | H75: 41 | I75: 2 | J75: 50 | K75: -3 | L75: 8 | M75: 1 | N75: -9 | O75: 5
B76: Mar | C76: 23-27 | D76: 26381 | E76: 3 | F76: NOP | G76: DM | AC76: 39 | AD76: 50 | AE76: =AC76-AD76 -> -11 | AF76: Are you satisified or dissatisfied with the way the government is running the country?
B77: Apr | C77: 11-16 | D77: 26400 | F77: NOP | G77: DM | H77: 44.8 | I77: =H77-H70 -> 2.8 | J77: 46.8 | K77: =J77-J70 -> -2.2 | L77: 7.5 | M77: =L77-L70 -> -0.5 | N77: =H77-J77 -> -2 | O77: =N77-N70 -> 5 | R77: 41 | S77: 53 | T77: =R77-S77 -> -12 | U77: 41 | V77: 48 | W77: =U77-V77 -> -7 | AA77: Are you satisfied or dissatisfied with X as Prime Minister / the way X is doing his/her job as as Leader of the Opposition? | AC77: 44 | AD77: 45 | AE77: =AC77-AD77 -> -1 | AF77: Are you satisified or dissatisfied with the way the government is running the country?
B78: Apr | C78: 12-16 | D78: 26401 | F78: Gallup | G78: DT | H78: 43.5 | I78: 4 | J78: 44.5 | K78: -4 | L78: 10 | M78: 0.5 | N78: -1 | O78: 8 | R78: 41 | S78: 49 | T78: =R78-S78 -> -8 | U78: 39 | V78: 47 | W78: =U78-V78 -> -8 | AA78: For Con: Are you satisified or dissatisfied with X as Y? For Lab: Do you think X is or is not proving a good leader of Y? | AC78: 43 | AD78: 39 | AE78: =AC78-AD78 -> 4 | AF78: Do you approve or disapprove of the government's record to date?
B79: Apr | F79: ORC | G79: ES | H79: 40 | I79: 1 | J79: 51 | K79: 2 | L79: 7 | M79: -3 | N79: -11 | O79: -1
B80: Apr | F80: Harris | G80: DE | H80: 42 | I80: 1 | J80: 50 | K80: 0 | L80: 6 | M80: -2 | N80: -8 | O80: 1
B81: May | C81: 2-7 | D81: 26421 | F81: NOP | G81: DM | H81: 40.9 | I81: =H81-H77 -> -3.9 | J81: 46.9 | K81: =J81-J77 -> 0.1 | L81: 10.8 | M81: =L81-L77 -> 3.3 | N81: =H81-J81 -> -6 | O81: =N81-N77 -> -4 | R81: 38 | S81: 54 | T81: =R81-S81 -> -16 | U81: 43 | V81: 43 | W81: =U81-V81 -> 0 | AA81: Are you satisfied or dissatisfied with X as Prime Minister / the way X is doing his/her job as as Leader of the Opposition? | AC81: 41 | AD81: 49 | AE81: =AC81-AD81 -> -8 | AF81: Are you satisified or dissatisfied with the way the government is running the country?
B82: May | C82: 11-14 | D82: 26430 | F82: Gallup | G82: DT | H82: 40.5 | I82: -3 | J82: 46.5 | K82: 2 | L82: 11 | M82: 1 | N82: -6 | O82: -5 | R82: 39 | S82: 52 | T82: =R82-S82 -> -13 | U82: 45 | V82: 40 | W82: =U82-V82 -> 5 | AA82: For Con: Are you satisified or dissatisfied with X as Y? For Lab: Do you think X is or is not proving a good leader of Y? | AC82: 36 | AD82: 46 | AE82: =AC82-AD82 -> -10 | AF82: Do you approve or disapprove of the government's record to date?
B83: May | F83: ORC | G83: ES | H83: 43 | I83: 3 | J83: 44.5 | K83: -6.5 | L83: 10.5 | M83: 3.5 | N83: -1.5 | O83: 9.5
B84: May | F84: Harris | G84: DE | H84: 44 | I84: 2 | J84: 47 | K84: -3 | L84: 8 | M84: 2 | N84: -3 | O84: 5
B85: Jun | C85: 8-11 | D85: 26458 | F85: Gallup | G85: DT | H85: 41 | I85: 0.5 | J85: 47 | K85: 0.5 | L85: 10 | M85: -1 | N85: -6 | O85: 0 | R85: 40 | S85: 51 | T85: =R85-S85 -> -11 | U85: 44 | V85: 39 | W85: =U85-V85 -> 5 | AA85: For Con: Are you satisified or dissatisfied with X as Y? For Lab: Do you think X is or is not proving a good leader of Y? | AC85: 36 | AD85: 44 | AE85: =AC85-AD85 -> -8 | AF85: Do you approve or disapprove of the government's record to date?
B86: Jun | F86: ORC | G86: ES | H86: 42 | I86: -1 | J86: 46 | K86: 1.5 | L86: 10 | M86: -0.5 | N86: -4 | O86: -2.5
B87: Jun | F87: Harris | G87: DE | H87: 38 | I87: -6 | J87: 52 | K87: 5 | L87: 9 | M87: 1 | N87: -14 | O87: -11
B88: Jul | C88: 12-16 | D88: 26492 | F88: Gallup | G88: DT | H88: 39 | I88: -2 | J88: 49 | K88: 2 | L88: 9.5 | M88: -0.5 | N88: -10 | O88: -4 | R88: 35 | S88: 54 | T88: =R88-S88 -> -19 | U88: 45 | V88: 40 | W88: =U88-V88 -> 5 | AA88: For Con: Are you satisified or dissatisfied with X as Y? For Lab: Do you think X is or is not proving a good leader of Y? | AC88: 31 | AD88: 50 | AE88: =AC88-AD88 -> -19 | AF88: Do you approve or disapprove of the government's record to date?
B89: Jul | C89: 25-30 | D89: 26505 | E89: 3 | F89: NOP | G89: DM | H89: 39.5 | I89: =H89-H81 -> -1.4 | J89: 49 | K89: =J89-J81 -> 2.1 | L89: 10 | M89: =L89-L81 -> -0.8 | N89: =H89-J89 -> -9.5 | O89: =N89-N81 -> -3.5 | R89: 36 | S89: 57 | T89: =R89-S89 -> -21 | U89: 47 | V89: 40 | W89: =U89-V89 -> 7 | AA89: Are you satisfied or dissatisfied with X as Prime Minister / the way X is doing his/her job as as Leader of the Opposition? | AC89: 32 | AD89: 58 | AE89: =AC89-AD89 -> -26 | AF89: Are you satisified or dissatisfied with the way the government is running the country?
B90: Jul | F90: ORC | G90: ES | H90: 37 | I90: -5 | J90: 50 | K90: 4 | L90: 10 | M90: 0 | N90: -13 | O90: -9
B91: Jul | F91: Harris | G91: DE | H91: 42 | I91: 4 | J91: 48 | K91: -4 | L91: 9 | M91: 0 | N91: -6 | O91: 8
B92: Aug | C92: 9-13 | D92: 26520 | F92: Gallup | G92: DT | H92: 40 | I92: 1 | J92: 49 | K92: 0 | L92: 7.5 | M92: -2 | N92: -9 | O92: 1 | R92: 35 | S92: 57 | T92: =R92-S92 -> -22 | U92: 47 | V92: 38 | W92: =U92-V92 -> 9 | AA92: For Con: Are you satisified or dissatisfied with X as Y? For Lab: Do you think X is or is not proving a good leader of Y? | AC92: 32 | AD92: 51 | AE92: =AC92-AD92 -> -19 | AF92: Do you approve or disapprove of the government's record to date?
B93: Aug | F93: ORC | G93: ES | H93: 44 | I93: 7 | J93: 49 | K93: -1 | L93: 6 | M93: -4 | N93: -5 | O93: 8
B94: Aug | F94: Harris | G94: DE | H94: 41 | I94: -1 | J94: 49 | K94: 1 | L94: 9 | M94: 0 | N94: -8 | O94: -2
B95: Sep | C95: 3-17 | D95: 26545 | F95: Gallup | G95: DT | H95: 38.5 | I95: -1.5 | J95: 49.5 | K95: 0.5 | L95: 9.5 | M95: 2 | N95: -11 | O95: -2 | R95: 33 | S95: 55 | T95: =R95-S95 -> -22 | U95: 43 | V95: 42 | W95: =U95-V95 -> 1 | AA95: For Con: Are you satisified or dissatisfied with X as Y? For Lab: Do you think X is or is not proving a good leader of Y? | AC95: 30 | AD95: 52 | AE95: =AC95-AD95 -> -22 | AF95: Do you approve or disapprove of the government's record to date?
B96: Sep | C96: 12-17 | D96: 26554 | E96: 23 | F96: NOP | G96: DM | H96: 35.7 | I96: =H96-H89 -> -3.8 | J96: 53.5 | K96: =J96-J89 -> 4.5 | L96: 9.1 | M96: =L96-L89 -> -0.9 | N96: =H96-J96 -> -17.8 | O96: =N96-N89 -> -8.3 | R96: 31 | S96: 61 | T96: =R96-S96 -> -30 | U96: 42 | V96: 44 | W96: =U96-V96 -> -2 | AA96: Are you satisfied or dissatisfied with X as Prime Minister / the way X is doing his/her job as as Leader of the Opposition? | AC96: 28 | AD96: 62 | AE96: =AC96-AD96 -> -34 | AF96: Are you satisified or dissatisfied with the way the government is running the country?
B97: Sep | F97: ORC | G97: ES | H97: 39 | I97: -5 | J97: 46 | K97: -3 | L97: 12 | M97: 6 | N97: -7 | O97: -2
B98: Sep | F98: Harris | G98: DE | H98: 40 | I98: -1 | J98: 48 | K98: -1 | L98: 11 | M98: 2 | N98: -8 | O98: 0
B99: Oct | C99: 18-22 | D99: 26590 | F99: Gallup | G99: DT | H99: 40 | I99: 1.5 | J99: 48 | K99: -1.5 | L99: 8.5 | M99: -1 | N99: -8 | O99: 3 | R99: 34 | S99: 56 | T99: =R99-S99 -> -22 | U99: 53 | V99: 32 | W99: =U99-V99 -> 21 | AA99: For Con: Are you satisified or dissatisfied with X as Y? For Lab: Do you think X is or is not proving a good leader of Y? | AC99: 33 | AD99: 49 | AE99: =AC99-AD99 -> -16 | AF99: Do you approve or disapprove of the government's record to date?
B100: Oct | C100: ?-2 | D100: 26569 | F100: NOP | G100: DM | H100: 36.7 | I100: =H100-H96 -> 1 | J100: 50.5 | K100: =J100-J96 -> -3 | L100: 11.2 | M100: =L100-L96 -> 2.1 | N100: =H100-J100 -> -13.8 | O100: =N100-N96 -> 4 | R100: 32 | S100: 58 | T100: =R100-S100 -> -26 | U100: 42 | V100: 42 | W100: =U100-V100 -> 0 | AA100: Are you satisfied or dissatisfied with X as Prime Minister / the way X is doing his/her job as as Leader of the Opposition? | AC100: 29 | AD100: 58 | AE100: =AC100-AD100 -> -29 | AF100: Are you satisified or dissatisfied with the way the government is running the country?
...

Sheet 74
A1: Year | B1: Month | C1: Fieldwork | E1: Published | F1: Polling | G1: Publisher | H1: Con | J1: Lab | L1: LD | N1: Con lead | Q1: Leader: | R1: Con good | S1: Con bad | T1: Con net | U1: Lab good | V1: Lab bad | W1: Lab net | X1: LD good | Y1: LD bad | Z1: LD net | AA1: Question | AC1: Govt good | AD1: Govt bad | AE1: Govt net | AF1: Question
A2: 1974 | B2: Mar | C2: 12-17 | D2: 27100 | F2: NOP | H2: 35.7 | J2: 43.3 | L2: 17.9 | N2: =H2-J2 -> -7.6 | P2: Random | R2: 34 | S2: 35 | T2: =R2-S2 -> -1 | U2: 47 | V2: 35 | W2: =U2-V2 -> 12 | AA2: Are you satisfied or dissatisfied with X as Prime Minister / the way X is doing his/her job as as Leader of the Opposition? | AC2: 39 | AD2: 19 | AE2: =AC2-AD2 -> 20 | AF2: Are you satisified or dissatisfied with the way the new government is running the country?
B3: Mar | C3: 13-17 | D3: 27101 | F3: ORC | G3: ES | H3: 35 | J3: 44 | L3: 17 | N3: =H3-J3 -> -9
B4: Mar | C4: 13-18 | D4: 27101 | F4: Gallup | G4: DT | H4: 35 | J4: 43 | L4: 19 | N4: =H4-J4 -> -8
B5: Mar | C5: 19-24 | D5: 27107 | F5: NOP | H5: 33.6 | I5: -2.1 | J5: 47.7 | K5: 4.4 | L5: 15 | M5: -2.9 | N5: =H5-J5 -> -14.1 | O5: -6.5 | P5: Random | R5: 31 | S5: 45 | T5: =R5-S5 -> -14 | U5: 52 | V5: 33 | W5: =U5-V5 -> 19 | AA5: Are you satisfied or dissatisfied with X as Prime Minister / the way X is doing his/her job as as Leader of the Opposition? | AC5: 41 | AD5: 23 | AE5: =AC5-AD5 -> 18 | AF5: Are you satisified or dissatisfied with the way the new government is running the country?
B6: Apr | C6: 2-7 | D6: 27121 | F6: NOP | H6: 36.4 | I6: =H6-H5 -> 2.8 | J6: 45.1 | K6: =J6-J5 -> -2.6 | L6: 16.5 | M6: =L6-L5 -> 1.5 | N6: =H6-J6 -> -8.7 | O6: =N6-N5 -> 5.4 | P6: Random | R6: 32 | S6: 42 | T6: =R6-S6 -> -10 | U6: 52 | V6: 34 | W6: =U6-V6 -> 18 | AA6: Are you satisfied or dissatisfied with X as Prime Minister / the way X is doing his/her job as as Leader of the Opposition? | AC6: 44 | AD6: 25 | AE6: =AC6-AD6 -> 19 | AF6: Are you satisified or dissatisfied with the way the new government is running the country?
B7: Apr | C7: 9-16 | D7: 27128 | F7: Gallup | G7: DT | H7: 33 | I7: -2 | J7: 49 | K7: 6 | L7: 15.5 | M7: -3.5 | N7: =H7-J7 -> -16 | O7: -8 | R7: 38 | S7: 48 | T7: =R7-S7 -> -10 | U7: 53 | V7: 32 | W7: =U7-V7 -> 21 | X7: 60 | Y7: 19 | Z7: =X7-Y7 -> 41 | AA7: For Con: Do you think X is or is not proving a good leader of Y? For Lab: Are you satisified or dissatisfied with X as Y? For Lib: Do you think X is or is not proving a good leader of Y? | AC7: 48 | AD7: 27 | AE7: =AC7-AD7 -> 21 | AF7: Do you approve or disapprove of the government's record to date?
B8: Apr | C8: 13-19 | D8: 27132 | F8: ORC | G8: ES | H8: 35.5 | I8: 0.5 | J8: 42.5 | K8: -1.5 | L8: 18 | M8: 1 | N8: -7 | O8: 2
B9: Apr | C9: 30-5 | D9: 27149 | F9: ORC | G9: ES | H9: 35 | I9: -0.5 | J9: 45 | K9: 2.5 | L9: 16 | M9: -2 | N9: -10 | O9: -3
B10: May | C10: 8-13 | D10: 27157 | F10: Gallup | G10: DT | H10: 33 | I10: 0 | J10: 46.5 | K10: -2.5 | L10: 17 | M10: 1.5 | N10: =H10-J10 -> -13.5 | O10: 2.5 | R10: 35 | S10: 44 | T10: =R10-S10 -> -9 | U10: 50 | V10: 40 | W10: =U10-V10 -> 10 | X10: 57 | Y10: 21 | Z10: =X10-Y10 -> 36 | AA10: For Con: Do you think X is or is not proving a good leader of Y? For Lab: Are you satisified or dissatisfied with X as Y? For Lib: Do you think X is or is not proving a good leader of Y? | AC10: 40 | AD10: 38 | AE10: =AC10-AD10 -> 2 | AF10: Do you approve or disapprove of the government's record to date?
B11: May | C11: 28-2 | D11: 27177 | F11: ORC | G11: ES | H11: 34 | I11: -1 | J11: 46 | K11: 1 | L11: 18 | M11: 2 | N11: -12 | O11: -2
B12: Jun | C12: 12-17 | D12: 27192 | F12: Gallup | G12: DT | H12: 35.5 | I12: 2.5 | J12: 44 | K12: -2.5 | L12: 17 | M12: 0 | N12: =H12-J12 -> -8.5 | O12: 5 | R12: 36 | S12: 52 | T12: =R12-S12 -> -16 | U12: 49 | V12: 40 | W12: =U12-V12 -> 9 | X12: 59 | Y12: 20 | Z12: =X12-Y12 -> 39 | AA12: For Con: Do you think X is or is not proving a good leader of Y? For Lab: Are you satisified or dissatisfied with X as Y? For Lib: Do you think X is or is not proving a good leader of Y? | AC12: 41 | AD12: 38 | AE12: =AC12-AD12 -> 3 | AF12: Do you approve or disapprove of the government's record to date?
B13: Jun | C13: 18-23 | D13: 27198 | F13: NOP | H13: 37.7 | I13: =H13-H6 -> 1.3 | J13: 45.8 | K13: =J13-J6 -> 0.7 | L13: 14 | M13: =L13-L6 -> -2.5 | N13: =H13-J13 -> -8.1 | O13: =N13-N6 -> 0.6 | P13: Random | R13: 37 | S13: 46 | T13: =R13-S13 -> -9 | U13: 49 | V13: 42 | W13: =U13-V13 -> 7 | AA13: Are you satisfied or dissatisfied with X as Prime Minister / the way X is doing his/her job as as Leader of the Opposition? | AC13: 34 | AD13: 51 | AE13: =AC13-AD13 -> -17 | AF13: Are you satisified or dissatisfied with the way the new government is running the country?
B14: Jun | F14: Harris | G14: DE | H14: 35.5 | J14: 42 | L14: 20.5 | N14: -6.5
B15: Jul | E15: 9 | F15: ORC | G15: ES | H15: 37 | I15: 3 | J15: 37 | K15: -9 | L15: 22 | M15: 4 | N15: 0 | O15: 12
B16: Jul | C16: 10-15 | D16: 27220 | F16: Gallup | G16: DT | H16: 35 | I16: -0.5 | J16: 38 | K16: -6 | L16: 21 | M16: 4 | N16: =H16-J16 -> -3 | O16: 5.5 | R16: 33 | S16: 53 | T16: =R16-S16 -> -20 | U16: 41 | V16: 48 | W16: =U16-V16 -> -7 | X16: 59 | Y16: 21 | Z16: =X16-Y16 -> 38 | AA16: For Con: Do you think X is or is not proving a good leader of Y? For Lab: Are you satisified or dissatisfied with X as Y? For Lib: Do you think X is or is not proving a good leader of Y? | AC16: 32 | AD16: 47 | AE16: =AC16-AD16 -> -15 | AF16: Do you approve or disapprove of the government's record to date?
B17: Jul | C17: 24 | D17: 27234 | E17: 28 | F17: Business Decisions | G17: Ob | N17: 6
B18: Jul | C18: 23-28 | D18: 27233 | E18: 2 | F18: ORC | G18: TT | H18: 34 | I18: -3 | J18: 40.5 | K18: 3.5 | L18: 21 | M18: -1 | N18: -6.5 | O18: -6.5
B19: Jul | C19: 23-28 | D19: 27233 | E19: 3 | F19: NOP | G19: DM | H19: 35.4 | I19: =H19-H13 -> -2.3 | J19: 44.8 | K19: =J19-J13 -> -1 | L19: 18.2 | M19: =L19-L13 -> 4.2 | N19: =H19-J19 -> -9.4 | O19: =N19-N13 -> -1.3 | P19: Random | R19: 36 | S19: 50 | T19: =R19-S19 -> -14 | U19: 47 | V19: 46 | W19: =U19-V19 -> 1 | AA19: Are you satisfied or dissatisfied with X as Prime Minister / the way X is doing his/her job as as Leader of the Opposition? | AC19: 40 | AD19: 48 | AE19: =AC19-AD19 -> -8 | AF19: Are you satisified or dissatisfied with the way the new government is running the country?
B20: Aug | C20: 8-12 | D20: 27249 | F20: Gallup | G20: DT | H20: 35.5 | I20: 0.5 | J20: 39.5 | K20: 1.5 | L20: 21 | M20: 0 | N20: =H20-J20 -> -4 | O20: -1 | R20: 35 | S20: 52 | T20: =R20-S20 -> -17 | U20: 44 | V20: 45 | W20: =U20-V20 -> -1 | X20: 63 | Y20: 19 | Z20: =X20-Y20 -> 44 | AA20: For Con: Do you think X is or is not proving a good leader of Y? For Lab: Are you satisified or dissatisfied with X as Y? For Lib: Do you think X is or is not proving a good leader of Y? | AC20: 37 | AD20: 43 | AE20: =AC20-AD20 -> -6 | AF20: Do you approve or disapprove of the government's record to date?
B21: Aug | C21: 8-12 | D21: 27249 | F21: ORC | H21: 34 | I21: =H21-H18 -> 0 | J21: 40.5 | K21: =J21-J18 -> 0 | L21: 21 | M21: =L21-L18 -> 0 | N21: =H21-J21 -> -6.5 | O21: =N21-N18 -> 0
B22: Aug | C22: 22-25 | D22: 27263 | F22: Harris | H22: 36 | J22: 41.5 | L22: 19.5
B23: Aug | C23: 27-1 | D23: 27268 | F23: ORC | H23: 36 | I23: =H23-H21 -> 2 | J23: 42.5 | K23: =J23-J21 -> 2 | L23: 17 | M23: =L23-L21 -> -4 | N23: =H23-J23 -> -6.5 | O23: =N23-N21 -> 0
B24: Aug | C24: 27-1 | D24: 27268 | F24: ORC | H24: 36 | J24: 43 | L24: 17 | N24: =H24-J24 -> -7 | P24: Panel
B25: Aug | C25: 28-4 | D25: 27269 | F25: Gallup | G25: DT | H25: 37.5 | I25: 2 | J25: 40.5 | K25: 1 | L25: 18 | M25: -3 | N25: =H25-J25 -> -3 | O25: 1
B26: Aug | C26: 31 | D26: 27272 | F26: NOP | H26: 39.1 | I26: =H26-H19 -> 3.7 | J26: 37 | K26: =J26-J19 -> -7.8 | L26: 19.1 | M26: =L26-L19 -> 0.9 | N26: =H26-J26 -> 2.1 | O26: =N26-N19 -> 11.5 | P26: Quota | R26: 34 | S26: 58 | T26: =R26-S26 -> -24 | U26: 43 | V26: 53 | W26: =U26-V26 -> -10 | AA26: Are you satisfied or dissatisfied with X as Prime Minister / the way X is doing his/her job as as Leader of the Opposition? | AC26: 25 | AD26: 68 | AE26: =AC26-AD26 -> -43 | AF26: Are you satisified or dissatisfied with the way the government is running the country?
B27: Sep | C27: 10-12 | D27: 27282 | F27: ORC | H27: 35 | I27: =H27-H24 -> -1 | J27: 45 | K27: =J27-J24 -> 2 | L27: 17 | M27: =L27-L24 -> 0 | N27: =H27-J27 -> -10 | O27: =N27-N24 -> -3 | P27: Panel
B28: Sep | C28: 10-15 | D28: 27282 | E28: 21 | F28: ORC | G28: TT | H28: 34 | I28: =H28-H23 -> -2 | J28: 38 | K28: =J28-J23 -> -4.5 | L28: 23 | M28: =L28-L23 -> 6 | N28: =H28-J28 -> -4 | P28: Quota
B29: Sep | C29: 10-15 | D29: 27282 | E29: 24 | F29: NOP | G29: DM | H29: 32 | I29: =H29-H26 -> -7.1 | J29: 46.6 | K29: =J29-J26 -> 9.6 | L29: 18.2 | M29: =L29-L26 -> -0.9 | N29: =H29-J29 -> -14.6 | O29: =N29-N26 -> -16.7 | P29: Random | R29: 32 | S29: 55 | T29: =R29-S29 -> -23 | U29: 48 | V29: 44 | W29: =U29-V29 -> 4 | AA29: Are you satisfied or dissatisfied with X as Prime Minister / the way X is doing his/her job as as Leader of the Opposition? | AC29: 34 | AD29: 55 | AE29: =AC29-AD29 -> -21 | AF29: Are you satisified or dissatisfied with the way the government is running the country?
B30: Sep | C30: 11-12 | D30: 27283 | E30: 15 | F30: ORC | G30: ST | H30: 36 | I30: =H30-H27 -> 1 | J30: 46 | K30: =J30-J27 -> 1 | L30: 16 | M30: =L30-L27 -> -1 | N30: =H30-J30 -> -10 | O30: =N30-N27 -> 0 | P30: Panel
B31: Sep | C31: 11-12 | D31: 27283 | F31: NOP | H31: 41 | I31: =H31-H29 -> 9 | J31: 40 | K31: =J31-J29 -> -6.6 | L31: 16 | M31: =L31-L29 -> -2.2 | N31: =H31-J31 -> 1 | O31: =N31-N29 -> 15.6 | P31: Quota | AC31: 32 | AD31: 60 | AE31: =AC31-AD31 -> -28 | AF31: Are you satisified or dissatisfied with the way the government is running the country?
